t_s,x_m,x_dot_mps,z_m,z_dot_mps,roll_rad,pitch_rad
0.000000000000000000e+00,0.000000000000000000e+00,0.000000000000000000e+00,0.000000000000000000e+00,0.000000000000000000e+00,0.000000000000000000e+00,0.000000000000000000e+00
1.001251564455569489e-02,2.649590413724792226e-04,5.174550267056982067e-02,3.040226622868634314e-03,5.723046469689521132e-01,-8.602840828857724262e-03,0.000000000000000000e+00
2.002503128911138977e-02,1.012847484897984708e-03,9.649315414711001626e-02,1.082304205314350842e-02,9.535182515750781906e-01,-3.088327494225068248e-02,0.000000000000000000e+00
3.003754693366708639e-02,2.174429754515882791e-03,1.344086055348717723e-01,2.161242315839049383e-02,1.178279775100086635e+00,-6.265766272211201193e-02,0.000000000000000000e+00
4.005006257822277954e-02,3.682136651289180489e-03,1.656582430365981795e-01,3.399696876819707780e-02,1.276702186062320665e+00,-1.009144161551842334e-01,0.000000000000000000e+00
5.006257822277847269e-02,5.470047227322343691e-03,1.904108126520392408e-01,4.684305278703024961e-02,1.274707429622762511e+00,-1.434806888968491456e-01,0.000000000000000000e+00
6.007509386733417278e-02,7.474001692361641191e-03,2.088374984988302652e-01,5.926152292174023672e-02,1.194311279941500992e+00,-1.888193704247332627e-01,0.000000000000000000e+00
7.008760951188985899e-02,9.631497010347499915e-03,2.211141461476577863e-01,7.055992974033896414e-02,1.054145540566571171e+00,-2.357777689068853988e-01,0.000000000000000000e+00
8.010012515644555908e-02,1.188186858145684130e-02,2.274187225077414776e-01,8.022225622595423322e-02,8.696743533567612428e-01,-2.835103777780149659e-01,0.000000000000000000e+00
9.011264080100125917e-02,1.416627505475808770e-02,2.279381793176954996e-01,8.787165572145876069e-02,6.537401689860087295e-01,-3.313329358571968086e-01,0.000000000000000000e+00
1.001251564455569454e-01,1.642772475379716476e-02,2.228861198382109943e-01,9.324385593868378397e-02,4.171328783054544798e-01,-3.786369172437026864e-01,0.000000000000000000e+00
1.101376720901126455e-01,1.861195894450152349e-02,2.125681294675802191e-01,9.618738304795401706e-02,1.693372267177982726e-01,-4.249198630709277169e-01,0.000000000000000000e+00
1.201501877346683456e-01,2.066869071670510150e-02,1.975353731346925212e-01,9.663269218724553078e-02,-7.945564416203507174e-02,-4.696745701168912324e-01,0.000000000000000000e+00
1.301627033792240318e-01,2.255515501229662587e-02,1.788136872716305503e-01,9.463415095243332686e-02,-3.165219820397601191e-01,-5.125419919901784693e-01,0.000000000000000000e+00
1.401752190237797180e-01,2.424251588225659684e-02,1.580461311368136501e-01,9.038342438912742860e-02,-5.273227026849101051e-01,-5.533407425913717814e-01,0.000000000000000000e+00
1.501877346683354320e-01,2.572034641660561616e-02,1.373409641126571434e-01,8.421725926331224965e-02,-6.967292815115095905e-01,-5.920786233409858212e-01,0.000000000000000000e+00
1.602002503128911182e-01,2.699976878832922172e-02,1.187092843085471583e-01,7.658768303187050985e-02,-8.189157158434683392e-01,-6.285117278596045187e-01,0.000000000000000000e+00
1.702127659574468044e-01,2.811022930882470933e-02,1.038772354115946456e-01,6.799154200428721151e-02,-8.886102412683430929e-01,-6.616435320955293964e-01,1.190215878272617682e-21
1.802252816020025183e-01,2.909808861208271549e-02,9.450897337413946553e-02,5.901783362515732045e-02,-8.946197284090591229e-01,-6.898816396288168784e-01,2.940645505074623670e-19
1.902377972465582046e-01,3.002698642151215014e-02,9.238473662568839895e-02,5.024670238648173276e-02,-8.475679748394453483e-01,-7.118777114116811022e-01,1.003711797459479771e-18
2.002503128911138908e-01,3.097629104375535999e-02,9.863552633650438106e-02,4.225406673326660700e-02,-7.378421988231411710e-01,-7.268492089417902813e-01,1.670566636906343425e-18
2.102628285356696047e-01,3.202853221627699476e-02,1.127225279637384669e-01,3.569102426705634407e-02,-5.632778015838746377e-01,-7.343748860609797813e-01,2.245753501232892910e-18
2.202753441802252909e-01,3.325301721039647385e-02,1.326420924451521821e-01,3.113979933459573579e-02,-3.394403784234261701e-01,-7.340925309715965463e-01,2.739146740967347951e-18
2.302878598247809772e-01,3.469637613517442126e-02,1.560777608131738159e-01,2.898713208171736083e-02,-8.754803687358454767e-02,-7.257669343675869911e-01,3.165505724341587728e-18
2.403003754693366911e-01,3.638367892772451095e-02,1.810955937399075510e-01,2.940798035482846892e-02,1.711324967283127108e-01,-7.094055556267212514e-01,3.533945243118391142e-18
2.503128911138923773e-01,3.832335133721609388e-02,2.062874528995753132e-01,3.237946952643924042e-02,4.196290330266992386e-01,-6.852515416074753674e-01,3.852328048359668831e-18
2.603254067584480635e-01,4.051177713193238050e-02,2.306450035745787053e-01,3.773557545435040489e-02,6.456487645950950149e-01,-6.536540743407438514e-01,4.127459862272856286e-18
2.703379224030037498e-01,4.293671066385873480e-02,2.534170121565663125e-01,4.520566619947399833e-02,8.410105605641667870e-01,-6.150080118289633635e-01,4.365207687617281902e-18
2.803504380475594360e-01,4.557920793254768149e-02,2.740205077008183165e-01,5.446930407000727392e-02,1.001346466162780224e+00,-5.696686416364360461e-01,4.570662982893516824e-18
2.903629536921151777e-01,4.841515527382397877e-02,2.919845438102599555e-01,6.500473310990055598e-02,1.089698779726679279e+00,-5.184244373727896482e-01,4.748199306961857808e-18
3.003754693366708639e-01,5.141610526059468833e-02,3.069230106229545729e-01,7.604750649745004032e-02,1.105155952989216095e+00,-4.627432152880358029e-01,4.901620570599274063e-18
3.103879849812265501e-01,5.455012448252857804e-02,3.185186869108515006e-01,8.694386931522743445e-02,1.062593334563431746e+00,-4.037703620210512101e-01,5.034197043955676760e-18
3.204005006257822363e-01,5.778243689087601137e-02,3.265143895982199895e-01,9.716823744849634181e-02,9.724755218837044524e-01,-3.423827445605643893e-01,5.148761577037479943e-18
3.304130162703379225e-01,6.107586794027637656e-02,3.307086536908218632e-01,1.062894060057745782e-01,8.444824517275394404e-01,-2.793255980433017593e-01,5.247765838818314698e-18
3.404255319148936088e-01,6.439166642508163674e-02,3.309465356153078464e-01,1.139798356522328943e-01,6.868365036731466367e-01,-2.151729932099404885e-01,5.333313825488343143e-18
3.504380475594492950e-01,6.768954544433812559e-02,3.271198556395707446e-01,1.199713479526998278e-01,5.068651260713455953e-01,-1.505325745641000745e-01,5.407243060318658117e-18
3.604505632040050367e-01,7.092840690367442635e-02,3.191566470998291605e-01,1.240736563651347185e-01,3.106703478360065551e-01,-8.593615894952684464e-02,5.471129080505307466e-18
3.704630788485607229e-01,7.406676931604477820e-02,3.070272373301700108e-01,1.261572229985268301e-01,1.034221451704923078e-01,-2.190277086523137462e-02,5.526332461025832340e-18
3.804755944931164091e-01,7.706292712562547165e-02,2.907720133859479916e-01,1.261267968853596044e-01,-1.099532756922196042e-01,4.097382930475625823e-02,5.574039538276955284e-18
3.904881101376720953e-01,7.987617342171614288e-02,2.705609017245296233e-01,1.239497231732488852e-01,-3.244831479005224062e-01,1.021529029667756217e-01,5.615263966529318515e-18
4.005006257822277815e-01,8.246935890205189801e-02,2.469054559279258154e-01,1.196501564889181080e-01,-5.329405440797304605e-01,1.611089893156137376e-01,5.649546938408675671e-18
4.105131414267834677e-01,8.481236334279411426e-02,2.208441947329711774e-01,1.133333067836750641e-01,-7.246267777670838406e-01,2.174018279892360184e-01,5.654844012678958655e-18
4.205256570713392095e-01,8.688940244096832188e-02,1.940949401369980731e-01,1.052386853182618737e-01,-8.861977935555516162e-01,2.708579163749348373e-01,5.721751722151733162e-18
4.305381727158948957e-01,8.870346565308627473e-02,1.686400428354162540e-01,9.574063343700324469e-02,-1.002541916882490725e+00,3.213112820710151141e-01,5.859575323308749314e-18
4.405506883604505819e-01,9.027715102517892831e-02,1.463638465020537793e-01,8.533481390064628913e-02,-1.068998383900905180e+00,3.682511535015269288e-01,5.881861969358918675e-18
4.505632040050062681e-01,9.165027198843941902e-02,1.288447335176636233e-01,7.446266987210885258e-02,-1.093165774681689184e+00,4.101596216492646163e-01,6.043558780519538197e-18
4.605757196495619543e-01,9.287857434264724932e-02,1.177287822962396063e-01,6.366807953998787628e-02,-1.055238178369149349e+00,4.451188176957787124e-01,6.506186775059660419e-18
4.705882352941176405e-01,9.403492726736545348e-02,1.146966522747935313e-01,5.350463554459825022e-02,-9.653172638188330934e-01,4.719710116954700663e-01,6.900873453133359775e-18
4.806007509386733823e-01,9.520494286227426661e-02,1.204486741786270770e-01,4.454217778563707153e-02,-8.143925559905322853e-01,4.902081093382438248e-01,7.248794570999723142e-18
4.906132665832290685e-01,9.647281666190588023e-02,1.339205225530771537e-01,3.739629993508012534e-02,-6.044547056068052537e-01,4.996618223585130303e-01,7.547606187107016847e-18
5.006257822277847547e-01,9.790524110584311601e-02,1.529310014303528753e-01,3.257695918513635325e-02,-3.528786506800951073e-01,5.002133506336040591e-01,7.805823793236215958e-18
5.106382978723403854e-01,9.954584009381707566e-02,1.751508907242325386e-01,3.039473344817269704e-02,-8.173378483372040204e-02,4.918977056081462740e-01,8.028964094831393050e-18
5.206508135168961271e-01,1.014172040951084874e-01,1.987637624662979274e-01,3.093753412434709776e-02,1.890311106504802829e-01,4.750058713349007977e-01,8.221784536013459667e-18
5.306633291614518688e-01,1.035262999903918402e-01,2.224526436930522322e-01,3.412467199026150005e-02,4.437616497829369733e-01,4.499460469976396260e-01,8.388414232100348895e-18
5.406758448060074995e-01,1.058688647723021320e-01,2.452626096010377121e-01,3.973382969404684606e-02,6.716533842558441991e-01,4.172170075789694010e-01,8.532402691572324446e-18
5.506883604505632412e-01,1.084323259494185676e-01,2.664719438748979208e-01,4.746658892849522915e-02,8.668733131768333600e-01,3.772912356229507491e-01,8.656835045095005514e-18
5.607008760951188719e-01,1.111976996366916270e-01,2.855127626926727280e-01,5.691881746830263628e-02,1.011458132465453241e+00,3.307263856055562279e-01,8.764357747121997725e-18
5.707133917396746137e-01,1.141409376536851317e-01,3.019206085086942881e-01,6.748375849914210745e-02,1.085816533183995070e+00,2.785740084519488513e-01,8.857270703722086553e-18
5.807259073842303554e-01,1.172336114100686055e-01,3.153158146436221831e-01,7.843078057020841376e-02,1.090930889774070822e+00,2.222156742563018428e-01,8.937566235455581235e-18
5.907384230287859861e-01,1.204440199038032261e-01,3.253837189542428399e-01,8.913929657809220586e-02,1.039189967951607230e+00,1.627006656147046426e-01,9.006949171968676128e-18
6.007509386733417278e-01,1.237374946223735173e-01,3.318718518097653059e-01,9.908927077907622727e-02,9.415074355022106101e-01,1.009409373433773072e-01,9.066907840942617996e-18
6.107634543178973585e-01,1.270771292527157204e-01,3.345817523753935596e-01,1.078699118763762343e-01,8.073521673700965184e-01,3.764180381552856280e-02,9.118721335863284705e-18
6.207759699624531002e-01,1.304243966969856894e-01,3.333622922319434134e-01,1.151633738043948002e-01,6.448567687596034048e-01,-2.660822754105401922e-02,9.163493580988564976e-18
6.307884856070087309e-01,1.337392666537696451e-01,3.281086268506164250e-01,1.207137028696092795e-01,4.612116910085154453e-01,-9.120231436832419714e-02,9.202185603954018165e-18
6.408010012515644727e-01,1.369810543214176335e-01,3.187512267694170287e-01,1.243469539654204203e-01,2.622986673839239891e-01,-1.556280260011118077e-01,9.235619729751593375e-18
6.508135168961202144e-01,1.401085386844087011e-01,3.052706767275071287e-01,1.259348706190217271e-01,5.335049150930378653e-02,-2.193267833489834229e-01,9.264511736885620718e-18
6.608260325406758451e-01,1.430805121692856618e-01,2.877221377436213756e-01,1.253974935958555026e-01,-1.607844431196534529e-01,-2.817260988005121924e-01,9.289479567194607746e-18
6.708385481852315868e-01,1.458573141163650999e-01,2.663428922815498923e-01,1.227154504292301829e-01,-3.746652409023965569e-01,-3.422917728446230878e-01,9.311054016610879813e-18
6.808510638297872175e-01,1.484032866531822259e-01,2.417463939353801383e-01,1.179243905613841098e-01,-5.800827829525383450e-01,-4.004906415937835584e-01,9.329698542226606153e-18
6.908635794743429592e-01,1.506915864927035054e-01,2.151670024953203919e-01,1.111627574516265843e-01,-7.658911436008633000e-01,-4.559740528827894157e-01,9.345809952002833392e-18
7.008760951188985899e-01,1.527113085288473726e-01,1.883962348240171558e-01,1.026991612258727343e-01,-9.182246627547927531e-01,-5.085745992155997763e-01,9.359731588805671663e-18
7.108886107634543317e-01,1.544706280282884536e-01,1.634812755944028417e-01,9.294601901931853760e-02,-1.021608129029666800e+00,-5.581562817163512324e-01,9.379414682349753641e-18
7.209011264080100734e-01,1.559970710250070947e-01,1.421550662425496436e-01,8.241779361232777490e-02,-1.073201182097099249e+00,-6.038899296284481188e-01,9.420064747255268953e-18
7.309136420525657041e-01,1.573344981621789540e-01,1.260119458374220347e-01,7.161941084618678177e-02,-1.075053109482141167e+00,-6.441569984102124558e-01,9.332120974441655830e-18
7.409261576971214458e-01,1.585431809776733647e-01,1.167385200420023306e-01,6.104680886182536903e-02,-1.028476691739182103e+00,-6.771225791294890328e-01,8.925114060766086193e-18
7.509386733416770765e-01,1.597006521210746210e-01,1.158813859252226380e-01,5.121325790216485485e-02,-9.261930106271242247e-01,-7.018102476813921076e-01,8.720952563052811805e-18
7.609511889862328182e-01,1.608930965762806475e-01,1.237217972688670897e-01,4.271010191738230932e-02,-7.613246142825254026e-01,-7.178701437383609996e-01,8.713240990927855378e-18
7.709637046307885599e-01,1.622022662568179674e-01,1.388010441798413763e-01,3.615357598214340162e-02,-5.406405811127166228e-01,-7.250946120665416883e-01,8.685115394015433686e-18
7.809762202753441906e-01,1.636889173306294576e-01,1.587832122749680830e-01,3.200584580659644046e-02,-2.834155057169564507e-01,-7.234117745964872004e-01,8.660430233644269543e-18
7.909887359198999324e-01,1.653908358926528821e-01,1.814671631536685092e-01,3.052582690931109413e-02,-1.167727236070831287e-02,-7.129083448924585786e-01,8.639098356791224034e-18
8.010012515644555631e-01,1.673261467852717177e-01,2.051690110658088428e-01,3.175614071380775810e-02,2.554928418453359384e-01,-6.939125993420452998e-01,8.620664834882315250e-18
8.110137672090113048e-01,1.694986631503589691e-01,2.286771514049909526e-01,3.557790422502493666e-02,5.036891303977791834e-01,-6.668660013433953537e-01,8.604735312610380379e-18
8.210262828535669355e-01,1.719017919678728079e-01,2.511072160937479758e-01,4.174603397849696584e-02,7.230947981308601946e-01,-6.322647278299214912e-01,8.590970218764697558e-18
8.310387984981226772e-01,1.745212106279468156e-01,2.717819801946182445e-01,4.995380666437286565e-02,9.102752369426665435e-01,-5.905563853898809779e-01,8.579074649547666878e-18
8.410513141426784189e-01,1.773365366606531601e-01,2.901637509740069287e-01,5.977412502427356666e-02,1.041533370902316680e+00,-5.423295551869945497e-01,8.568795538353748611e-18
8.510638297872340496e-01,1.803226186903014450e-01,3.058101896535070363e-01,7.053936854881411034e-02,1.094394085956463147e+00,-4.887871623028700041e-01,8.559913400982329161e-18
8.610763454317897914e-01,1.834500707264865305e-01,3.183599488114481901e-01,8.148473733772854111e-02,1.082563426798001993e+00,-4.314255510526362469e-01,8.552237264822271690e-18
8.710888610763454221e-01,1.866864190095666176e-01,3.275143152589718443e-01,9.203764384140930566e-02,1.017206344304215415e+00,-3.711749673522940496e-01,8.545604286540185088e-18
8.811013767209011638e-01,1.899964428420825857e-01,3.330343021799158088e-01,1.017131927944792263e-01,9.086988471682433399e-01,-3.088664248539193524e-01,8.539872472905363351e-18
8.911138923654567945e-01,1.933426822161017633e-01,3.347352965308593720e-01,1.101202491668261951e-01,7.662057875907470894e-01,-2.452082088718026409e-01,8.534919083989646854e-18
9.011264080100125362e-01,1.966862952947577015e-01,3.324770610460403009e-01,1.169684066380953791e-01,5.974372470445346028e-01,-1.807458174947599860e-01,8.530638928948405402e-18
9.111389236545682779e-01,1.999870445347465830e-01,3.261647234577834120e-01,1.220215957716608846e-01,4.092510661005118733e-01,-1.160735524095397736e-01,8.526940100498926606e-18
9.211514392991239086e-01,2.032039867014057699e-01,3.157392361932539471e-01,1.251159624055841468e-01,2.073420354941030164e-01,-5.172814277888528045e-02,8.523743747782519862e-18
9.311639549436796504e-01,2.062959837188273193e-01,3.011947287762821723e-01,1.261456051903165343e-01,-3.372030080872834290e-03,1.176334830532627107e-02,8.520981806523463514e-18
9.411764705882352811e-01,2.092220484145249360e-01,2.826258129106412609e-01,1.250383818108027345e-01,-2.178834262852467341e-01,7.380447261799384651e-02,8.518594928361699630e-18
9.511889862327910228e-01,2.119430203802165347e-01,2.603338511072884054e-01,1.217876522900992742e-01,-4.303593770928418882e-01,1.338611500142417032e-01,8.516532384909076241e-18
9.612015018773467645e-01,2.144252596799631760e-01,2.350792530511454648e-01,1.164571347721721772e-01,-6.319240781223314229e-01,1.914530611477167632e-01,8.517468190245267114e-18
9.712140175219023952e-01,2.166451013140471837e-01,2.082388782945530370e-01,1.092081593325160416e-01,-8.103745514527680438e-01,2.462363135145132220e-01,8.551412233524132698e-18
9.812265331664581369e-01,2.185965211332268898e-01,1.817715242416269861e-01,1.003598565681009108e-01,-9.501714203413924587e-01,2.981438005402439195e-01,8.473856647341940430e-18
9.912390488110137676e-01,2.202928697025582083e-01,1.576106156089560895e-01,9.035008676788532089e-02,-1.040642227139827014e+00,3.468528273685223540e-01,8.175772679540116326e-18
1.001251564455569509e+00,2.217661788671962397e-01,1.374743828522517197e-01,7.963625140727277618e-02,-1.091482467995173566e+00,3.913641263823844918e-01,7.869782939033572231e-18
1.011264080100125140e+00,2.230644238650130451e-01,1.229282524404053945e-01,6.871074329028216410e-02,-1.080756342235967393e+00,4.297882063703846733e-01,7.754267547543972008e-18
1.021276595744680771e+00,2.242521422788297802e-01,1.156953096721877461e-01,5.817174524114013950e-02,-1.015953109036134450e+00,4.605715786661891409e-01,7.684033606190962229e-18
1.031289111389236623e+00,2.254104582534563750e-01,1.171135555579727872e-01,4.855669526924749624e-02,-8.947150150715932337e-01,4.829623039068051682e-01,7.619068666251343901e-18
1.041301627033792254e+00,2.266259349739786766e-01,1.270080836525741830e-01,4.046331272908032517e-02,-7.116287317142536706e-01,4.966635722370368322e-01,7.562930200761839410e-18
1.051314142678347885e+00,2.279759779145814347e-01,1.435744764476294955e-01,3.447590439164733428e-02,-4.776204476094155771e-01,5.015092540611737482e-01,7.514417475892728690e-18
1.061326658322903738e+00,2.295153399763723845e-01,1.644417999149531129e-01,3.100052397414619978e-02,-2.132359425919558293e-01,4.974621908853650853e-01,7.472495888661037482e-18
1.071339173967459368e+00,2.312762432602043505e-01,1.875256864131116807e-01,3.023415537194069219e-02,5.990738621171282086e-02,4.846765786842542889e-01,7.436269249455425060e-18
1.081351689612014999e+00,2.332727171230010443e-01,2.112762010568197957e-01,3.216927589733500903e-02,3.239904739079797480e-01,4.635217141937292840e-01,7.404964500929795720e-18
1.091364205256570852e+00,2.355055351740542591e-01,2.345810877916658654e-01,3.664742864781781601e-02,5.659230533621029124e-01,4.344599629618788317e-01,7.377912360159649529e-18
1.101376720901126482e+00,2.379659518361417481e-01,2.566170765318219193e-01,4.339834047169732062e-02,7.770063896155577909e-01,3.979855654260373576e-01,7.354535828551801004e-18
1.111389236545682113e+00,2.406379180860907796e-01,2.767489455019435107e-01,5.210115170536062934e-02,9.535420395387252945e-01,3.545289846002603884e-01,7.334334008348109656e-18
1.121401752190237744e+00,2.434997571316861731e-01,2.944659485744590688e-01,6.225809283555278073e-02,1.064212616221928531e+00,3.048345850125801504e-01,7.316878097840445824e-18
1.131414267834793597e+00,2.465251555043038167e-01,3.093478333206237663e-01,7.315434609708174052e-02,1.099142205929100502e+00,2.502457094815668248e-01,7.301793691948254742e-18
1.141426783479349227e+00,2.496838445835021514e-01,3.210507075431491830e-01,8.407101646273196227e-02,1.072584206568552467e+00,1.921105522823839951e-01,7.288757770473386706e-18
1.151439299123904858e+00,2.529426342465461164e-01,3.292911412099344126e-01,9.446297689082373827e-02,9.951469536323653831e-01,1.313048999464353217e-01,7.277493524658735796e-18
1.161451814768460711e+00,2.562656191110075921e-01,3.338453921201190999e-01,1.038648247064042768e-01,8.770125850971102199e-01,6.865090969573152402e-02,7.267759173493634172e-18
1.171464330413016341e+00,2.596149886905797510e-01,3.345401487436523436e-01,1.119169844194327496e-01,7.269202310549961465e-01,4.781402677561982784e-03,7.259347332309925582e-18
1.181476846057571972e+00,2.629515001064896551e-01,3.312471962887127974e-01,1.183417446621088248e-01,5.523878778954789404e-01,-5.973798916411729443e-02,7.252078558472916192e-18
1.191489361702127603e+00,2.662346432813808561e-01,3.238818964920625598e-01,1.229199820093179740e-01,3.600172819148481640e-01,-1.243206210284393820e-01,7.245796917495625135e-18
1.201501877346683456e+00,2.694234631218550002e-01,3.123954708801748859e-01,1.255086802536172774e-01,1.551899937733818846e-01,-1.884558214166013324e-01,7.240368927079882815e-18
1.211514392991239086e+00,2.724767086597942312e-01,2.968038742191435597e-01,1.260046132915729755e-01,-5.710868284601763878e-02,-2.515740663598828308e-01,7.235678261704584410e-18
1.221526908635794717e+00,2.753536261628193871e-01,2.772320140874725558e-01,1.243555961625887746e-01,-2.719262496367307880e-01,-3.131092499720002920e-01,7.231624781071265796e-18
1.231539424280350570e+00,2.780162707978822700e-01,2.540865401532836909e-01,1.205725247332866124e-01,-4.827466985629585983e-01,-3.725388675375230774e-01,7.228122178779044023e-18
1.241551939924906200e+00,2.804326982035440508e-01,2.282573211858968942e-01,1.147347813283851603e-01,-6.797199004863857530e-01,-4.293792368688407191e-01,7.225095179217922035e-18
1.251564455569461831e+00,2.825834289073884120e-01,2.013356125142124475e-01,1.070503505379725440e-01,-8.494622244427314506e-01,-4.834126743015115246e-01,7.222479522043751838e-18
1.261576971214017462e+00,2.844673040064889524e-01,1.752653265090415580e-01,9.786397236243539466e-02,-9.780227049416923002e-01,-5.344931604160443328e-01,7.220219392741380733e-18
1.271589486858573315e+00,2.861026036417362306e-01,1.519924507333192953e-01,8.764305608409550530e-02,-1.056608439493923912e+00,-5.822390342880787717e-01,7.317580373515666165e-18
1.281602002503128945e+00,2.875256917579070981e-01,1.331356985107086111e-01,7.683432791044841892e-02,-1.092837926542486571e+00,-6.253514398187445256e-01,7.812585274848436939e-18
1.291614518147684576e+00,2.887887106900909329e-01,1.203024821721309645e-01,6.598163770238305026e-02,-1.066620304081276727e+00,-6.619426600961666463e-01,8.528024641409648925e-18
1.301627033792240429e+00,2.899606635142180644e-01,1.152128976037292835e-01,5.564280646632571020e-02,-9.894550679661705539e-01,-6.906278600431318138e-01,9.283705303906203182e-18
1.311639549436796059e+00,2.911254158237169820e-01,1.188989885711868727e-01,4.636522630012181873e-02,-8.533410645167260888e-01,-7.107934661744311766e-01,1.016893792752824978e-17
1.321652065081351690e+00,2.923689515245414539e-01,1.307204414540630300e-01,3.876236494487236839e-02,-6.557853653862144583e-01,-7.222074521182564322e-01,1.089267444287947697e-17
1.331664580725907321e+00,2.937633706615400131e-01,1.486194223528863878e-01,3.338827386866605185e-02,-4.119781758679456618e-01,-7.247422780857778468e-01,1.153415019955727381e-17
1.341677096370463174e+00,2.953573812878353966e-01,1.702324722797774192e-01,3.059467682451302850e-02,-1.434991855924974691e-01,-7.184103455269401639e-01,1.208967769003972507e-17
1.351689612015018804e+00,2.971781024209638189e-01,1.936149528935844077e-01,3.052600202994818282e-02,1.287790880945352545e-01,-7.034173292563790092e-01,1.256974202379343902e-17
1.361702127659574435e+00,2.992356427544750064e-01,2.173442155849749091e-01,3.312991617364190872e-02,3.882138934702613620e-01,-6.801685198392687370e-01,1.298458124054890530e-17
1.371714643304130288e+00,3.015281157081221020e-01,2.403919643957827812e-01,3.821582953667840982e-02,6.229479904090702291e-01,-6.491433936316810538e-01,1.334306904203940144e-17
1.381727158948685918e+00,3.040446509005929610e-01,2.619942413203519282e-01,4.549501903707826173e-02,8.250708312056229676e-01,-6.108228125986091550e-01,1.365284889651617974e-17
1.391739674593241549e+00,3.067677092595460508e-01,2.815498091301407713e-01,5.460697530228662139e-02,9.869484435480734286e-01,-5.656966506803808858e-01,1.392054120381251552e-17
1.401752190237797180e+00,3.096742338379378512e-01,2.985753260531666120e-01,6.500790031497030719e-02,1.077917799740114591e+00,-5.146538611397312168e-01,1.415187413455508301e-17
1.411764705882353033e+00,3.127368966439648679e-01,3.126707437522945332e-01,7.595226300886658011e-02,1.096899564831198326e+00,-4.590708587638946403e-01,1.435176846664330796e-17
1.421777221526908663e+00,3.159246034836528660e-01,3.235084109245536799e-01,8.677637159664182420e-02,1.056593709986181517e+00,-4.001743141433544149e-01,1.452451419072832382e-17
1.431789737171464294e+00,3.192033668972572014e-01,3.308213789650905068e-01,9.694794698861702864e-02,9.680899632759822904e-01,-3.388415485467900501e-01,1.467378882167504998e-17
1.441802252816020147e+00,3.225368536571878719e-01,3.343979670812996519e-01,1.060362371499582873e-01,8.411123549559423873e-01,-2.758008796440337695e-01,1.480277976962271297e-17
1.451814768460575777e+00,3.258866872187209385e-01,3.340790258984003835e-01,1.136912273885561792e-01,6.842580286318837857e-01,-2.117266767700397567e-01,1.491425414729579254e-17
1.461827284105131408e+00,3.292133663412757372e-01,3.297463824446660863e-01,1.196610765002346644e-01,5.046617581798322760e-01,-1.471398555297362132e-01,1.501057788889252607e-17
1.471839799749687039e+00,3.324762605796605097e-01,3.213248443301131574e-01,1.237454290400341744e-01,3.086255560719119440e-01,-8.261129467173151941e-02,1.509381661262525947e-17
1.481852315394242892e+00,3.356341260491971235e-01,3.087793760399687448e-01,1.258035680575008697e-01,1.015112254626361898e-01,-1.869988529822594336e-02,1.516575005688930775e-17
1.491864831038798522e+00,3.386458845118682226e-01,2.921424199465754157e-01,1.257567831772986866e-01,-1.119860964227328837e-01,4.407034784265315142e-02,1.522790657861461103e-17
1.501877346683354153e+00,3.414713084783060904e-01,2.716024413961741768e-01,1.235604016734201532e-01,-3.264937678171248026e-01,1.051114300217528830e-01,1.528162141409964327e-17
1.511889862327910006e+00,3.440732592570074355e-01,2.476584421274753700e-01,1.192386904383843510e-01,-5.347905833680819399e-01,1.639038275208148099e-01,1.532803853565828256e-17
1.521902377972465636e+00,3.464227647250347486e-01,2.213774277578638150e-01,1.129075209079227621e-01,-7.262353078150605157e-01,2.200466306939548311e-01,1.536839612762922754e-17
1.531914893617021267e+00,3.485042535642312034e-01,1.944647387890365287e-01,1.047952551675356836e-01,-8.878163018925362415e-01,2.733189057460657656e-01,1.541540071942451365e-17
1.541927409261577120e+00,3.503216113496567807e-01,1.689464592928390241e-01,9.528539784621979647e-02,-1.003131663206294766e+00,3.236051807678149705e-01,1.533248681901397141e-17
1.551939924906132751e+00,3.518982848952795228e-01,1.466643153580012016e-01,8.485579011937254001e-02,-1.074063786616506810e+00,3.703142688450902775e-01,1.505380675349630717e-17
1.561952440550688381e+00,3.532745967661364284e-01,1.291922886875121468e-01,7.397944127258124225e-02,-1.087688192221878625e+00,4.118898311780785915e-01,1.414345362913941972e-17
1.571964956195244012e+00,3.545068350472467822e-01,1.181830816268717305e-01,6.324247301484781092e-02,-1.048903021458057916e+00,4.465316886427822540e-01,1.246103295337128802e-17
1.581977471839799865e+00,3.556686629400528932e-01,1.153170051861593104e-01,5.314542965032380273e-02,-9.585003352149944478e-01,4.730569373736589478e-01,1.094867618085755017e-17
1.591989987484355495e+00,3.568456166109978955e-01,1.212298637151719982e-01,4.425333265602322125e-02,-8.067470657734874262e-01,4.909790243389793307e-01,9.641781708719871647e-18
1.602002503128911126e+00,3.581220262346807570e-01,1.348350581855837782e-01,3.718956225223848250e-02,-5.959438683046691665e-01,5.001228698953036345e-01,8.512423125468957716e-18
1.612015018773466979e+00,3.595639504364880334e-01,1.539050400072088098e-01,3.245728702880077560e-02,-3.440006759690731886e-01,5.003869434414592865e-01,7.536509266070910505e-18
1.622027534418022610e+00,3.612144257598530750e-01,1.761371829448407367e-01,3.036389213258423175e-02,-7.298907577962993054e-02,4.917999975888499020e-01,6.693161509149708232e-18
1.632040050062578240e+00,3.630955663470539219e-01,1.997260897680285252e-01,3.099214530372826695e-02,1.971958850675434860e-01,4.746547901420254956e-01,5.964404938499145314e-18
1.642052565707133871e+00,3.652140680034771658e-01,2.233651259961710600e-01,3.425688412702709157e-02,4.510578852690102503e-01,4.493637592132335712e-01,5.334638092019064631e-18
1.652065081351689724e+00,3.675654395934210839e-01,2.461072765809237395e-01,3.993394933033713595e-02,6.778902412289770085e-01,4.164214074964169843e-01,4.790442167657270565e-18
1.662077596996245354e+00,3.701369618938448736e-01,2.672350210590980213e-01,4.772504977886962707e-02,8.724356032743388889e-01,3.762935502822035705e-01,4.320158479245870554e-18
1.672090112640800985e+00,3.729095182108954076e-01,2.861836863389906060e-01,5.722655674600556075e-02,1.015855079439274000e+00,3.295331249230651349e-01,3.913779957830957736e-18
1.682102628285356838e+00,3.758589797520930365e-01,3.024907680031017065e-01,6.782256442507476890e-02,1.087305903200687318e+00,2.772104401635483439e-01,3.562624328377074098e-18
1.692115143929912469e+00,3.789568307297780936e-01,3.157783269196050013e-01,7.877418003521441392e-02,1.090417082775882340e+00,2.207365242898751689e-01,3.259152258082444432e-18
1.702127659574468099e+00,3.821713009092282398e-01,3.257332364501004385e-01,8.946869795203615805e-02,1.037068940884813495e+00,1.611398705207393589e-01,2.996922179780774240e-18
1.712140175219023730e+00,3.854676992842923644e-01,3.321040055083272491e-01,9.939149455240887943e-02,9.381006770477331447e-01,9.931442439307487657e-02,2.770314031386926436e-18
1.722152690863579583e+00,3.888090544259044101e-01,3.346937294170803101e-01,1.081323862498326516e-01,8.029662046206044179e-01,3.597540849339866953e-02,2.574486688569148330e-18
1.732165206508135213e+00,3.921568298600993652e-01,3.333521362203237803e-01,1.153779887721988751e-01,6.397308895790824179e-01,-2.830012965630318567e-02,2.405272785854206193e-18
1.742177722152690844e+00,3.954709900241936138e-01,3.279752453467353335e-01,1.208746228437696801e-01,4.555452833103584842e-01,-9.290667302739058497e-02,2.259039395994231753e-18
1.752190237797246697e+00,3.987108163111215964e-01,3.184946233253059811e-01,1.244486921048510997e-01,2.562808514317992392e-01,-1.573254700853478349e-01,2.132676241056431104e-18
1.762202753441802328e+00,4.018351178968151971e-01,3.048916365368201098e-01,1.259755344793769549e-01,4.711304322887272661e-02,-2.210057876262725707e-01,2.023481380039408805e-18
1.772215269086357958e+00,4.048027231158937145e-01,2.872267955763960212e-01,1.253753442453729161e-01,-1.670718535018679285e-01,-2.833695031517801111e-01,1.929116612934121483e-18
1.782227784730913589e+00,4.075739927810860252e-01,2.657406995299536057e-01,1.226303302530150352e-01,-3.808298146877523438e-01,-3.438832069333617181e-01,1.847577016870412683e-18
1.792240300375469442e+00,4.101135150104371907e-01,2.410638700269567558e-01,1.177793292485879995e-01,-5.859045158695432853e-01,-4.020200378251556073e-01,1.777111682889997345e-18
1.802252816020025072e+00,4.123947554954449091e-01,2.144463566953073719e-01,1.109635274143826594e-01,-7.707572134683309262e-01,-4.574296406412698968e-01,1.716218799956150691e-18
1.812265331664580703e+00,4.144073235606769989e-01,1.877012523231136043e-01,1.024582547357728857e-01,-9.216434854646968766e-01,-5.099571451834481461e-01,1.663603116350180395e-18
1.822277847309136556e+00,4.161599125921839337e-01,1.628489220908001800e-01,9.268198697295459976e-02,-1.022600767653598641e+00,-5.594190569986724482e-01,1.633330201073028456e-18
1.832290362953692187e+00,4.176806156577974050e-01,1.416517243776588830e-01,8.210974472963236681e-02,-1.082070740369135420e+00,-6.050180549179113854e-01,1.521736474694782232e-18
1.842302878598247817e+00,4.190138757387300017e-01,1.256732018044666166e-01,7.120142553033424748e-02,-1.086272117266603221e+00,-6.450041691336297900e-01,1.019772900165062034e-18
1.852315394242803448e+00,4.202204273779257537e-01,1.166273094850490133e-01,6.054493808879730932e-02,-1.033736400084141582e+00,-6.776501683397708753e-01,4.510933748137849248e-19
1.862327909887359301e+00,4.213775822564436169e-01,1.160106702465803774e-01,5.067605001402717552e-02,-9.273808783732950811e-01,-7.020055072944526575e-01,8.911356841707611617e-20
1.872340425531914931e+00,4.225727174101985839e-01,1.240638596640005198e-01,4.218524206118588749e-02,-7.585746370745115597e-01,-7.177103315763964098e-01,-1.898718090839844005e-19
1.882352941176470562e+00,4.238861440284696358e-01,1.393137691504170161e-01,3.567160296275424108e-02,-5.346770637401924153e-01,-7.245958992457345316e-01,-4.262998541892871026e-19
1.892365456821026415e+00,4.253785133321407175e-01,1.593974528157782733e-01,3.159655823902847438e-02,-2.754510371482551956e-01,-7.225737891396150081e-01,-6.315287164834258778e-19
1.902377972465582046e+00,4.270868446473244373e-01,1.821286051367572434e-01,3.020044710955420431e-02,-2.624173713234513594e-03,-7.117677830196916799e-01,-8.088731721784739449e-19
1.912390488110137676e+00,4.290288461525905706e-01,2.058382262127756990e-01,3.152463137082161387e-02,2.647887282560241751e-01,-6.924871845406173065e-01,-9.621271397463796211e-19
1.922403003754693529e+00,4.312079834101412157e-01,2.293262537499848042e-01,3.543713151339475398e-02,5.126983948903263144e-01,-6.651920355856295597e-01,-1.094558253216054275e-18
1.932415519399249160e+00,4.336174176839898697e-01,2.517147646605145672e-01,4.169276558233926677e-02,7.313650607045477647e-01,-6.303700103808669297e-01,-1.208999581596200912e-18
1.942428035043804790e+00,4.362426520059600743e-01,2.723318280606713548e-01,4.996487561703407548e-02,9.146231115168946824e-01,-5.884997085125855953e-01,-1.307892425762891155e-18
1.952440550688360421e+00,4.390631600098357512e-01,2.906419962702894710e-01,5.983541309186800328e-02,1.044534348951560832e+00,-5.401566555448900075e-01,-1.393350802988319335e-18
1.962453066332916274e+00,4.420535952072384145e-01,3.062068297484311086e-01,7.061294778013732509e-02,1.096472550233573262e+00,-4.866100002859631291e-01,-1.467198671594096790e-18
1.972465581977471905e+00,4.451845860805596633e-01,3.186651907208277179e-01,8.157450085156238428e-02,1.083299681396851399e+00,-4.291970013606574708e-01,-1.531014167479460652e-18
1.982478097622027535e+00,4.484235070128531619e-01,3.277210997099530565e-01,9.212735694871276859e-02,1.016755580636738765e+00,-3.689420377407358620e-01,-1.586160193123292857e-18
1.992490613266583388e+00,4.517350212847977553e-01,3.331376406585789818e-01,1.017888815817529491e-01,9.072699942918813765e-01,-3.066630334658480561e-01,-1.633815099928321653e-18
2.002503128911139019e+00,4.550818255460931661e-01,3.347289426276916502e-01,1.101828002544225915e-01,7.638106125191117535e-01,-2.429977150635427574e-01,-1.674993057815602930e-18
2.012515644555694649e+00,4.584247806617113286e-01,3.323595503191653644e-01,1.169995440116312208e-01,5.943733108896349648e-01,-1.785930926295766219e-01,-1.710578953477244370e-18
2.022528160200250280e+00,4.617237514014484456e-01,3.259327071430036527e-01,1.220183303714559298e-01,4.055961761410368793e-01,-1.139775171399625142e-01,-1.741329839020207787e-18
2.032540675844805911e+00,4.649378854582100207e-01,3.153923258575026534e-01,1.250784292134618503e-01,2.031536275472729525e-01,-4.968090468328420495e-02,-1.767901818587012165e-18
2.042553191489361541e+00,4.680258000694370590e-01,3.007367299850419728e-01,1.260598066267513973e-01,-7.801937528069180505e-03,1.370758157948671202e-02,-1.790865580970625160e-18
2.052565707133917616e+00,4.709466054284130454e-01,2.820511903797636166e-01,1.249075163658197041e-01,-2.225924213728895928e-01,7.565652770260768156e-02,-1.810708570055715607e-18
2.062578222778473247e+00,4.736615316788225227e-01,2.596693142657132136e-01,1.216119701719349661e-01,-4.350674356637826423e-01,1.356103306417918986e-01,-1.830557405057487821e-18
2.072590738423028878e+00,4.761366400915454378e-01,2.343513924184701391e-01,1.162336379161554023e-01,-6.363240948462688396e-01,1.930769762502037856e-01,-1.849849676475502719e-18
2.082603254067584508e+00,4.783492040652597699e-01,2.075035551308186121e-01,1.089490128129172730e-01,-8.136739605508227502e-01,2.477665089042118962e-01,-1.837434658895712387e-18
2.092615769712140139e+00,4.802932640613486459e-01,1.810591060928878337e-01,1.000767891797313958e-01,-9.510264798969217948e-01,2.995493549175223813e-01,-1.862425161941755751e-18
2.102628285356695770e+00,4.819829492846954277e-01,1.569859206882826819e-01,9.005210034139250752e-02,-1.043193408751524442e+00,3.481478806004981719e-01,-1.615905140591582926e-18
2.112640801001251400e+00,4.834505199909586159e-01,1.369773347100166905e-01,7.930655271789927019e-02,-1.094569072284750089e+00,3.924404310915593497e-01,-1.539063535008696974e-18
2.122653316645807475e+00,4.847446009925136523e-01,1.226066518070047795e-01,6.836628885131142142e-02,-1.081309728004716586e+00,4.306261682749576991e-01,-2.060614558171688881e-18
2.132665832290363106e+00,4.859305286985033390e-01,1.156203927722510016e-01,5.782999390465501377e-02,-1.014793634449977278e+00,4.611441777346328430e-01,-2.514061537501607623e-18
2.142678347934918737e+00,4.870889938410078446e-01,1.172826703797951869e-01,4.823140264696255952e-02,-8.918756161421921291e-01,4.832634639692989231e-01,-2.941388970389526583e-18
2.152690863579474367e+00,4.883074906203124788e-01,1.273899937749753131e-01,4.018206449187738255e-02,-7.064942061597864198e-01,4.966850355359916924e-01,-3.305644332091937583e-18
2.162703379224029998e+00,4.896620885941170842e-01,1.441055568874611836e-01,3.425278931533771998e-02,-4.707991583230097810e-01,5.012705693882604230e-01,-3.620404346347784980e-18
2.172715894868585629e+00,4.912072924369686455e-01,1.650607395239124531e-01,3.085269171479194592e-02,-2.055451361471600791e-01,4.969505099163054607e-01,-3.892409605136409518e-18
2.182728410513141704e+00,4.929745829709910598e-01,1.881824323132234578e-01,3.016349369084998788e-02,6.783680740245551233e-02,4.839152690777407950e-01,-4.127456383104025962e-18
2.192740926157697334e+00,4.949776740632888528e-01,2.119334195474672500e-01,3.217739953478999937e-02,3.316250263881213023e-01,4.625216737494488028e-01,-4.330573210166979594e-18
2.202753441802252965e+00,4.972169597429654808e-01,2.352136358520955373e-01,3.672849507960056908e-02,5.729151875254825388e-01,4.332399626104056489e-01,-4.506094744261075535e-18
2.212765957446808596e+00,4.996835013221920252e-01,2.572043517819169733e-01,4.354666487726027019e-02,7.836582876643249929e-01,3.965605560995488776e-01,-4.657771137339519833e-18
2.222778473091364226e+00,5.023610513551242107e-01,2.772757920085056615e-01,5.229333657394795443e-02,9.553135389254813203e-01,3.529477439137477801e-01,-4.788845061007218966e-18
2.232790988735919857e+00,5.052278297660280915e-01,2.949189900111126028e-01,6.245665947691943221e-02,1.062802550782498523e+00,3.031935104070284104e-01,-4.902103240838398872e-18
2.242803504380475488e+00,5.082573257443099290e-01,3.097173106218819583e-01,7.333207733812492635e-02,1.097874009853624155e+00,2.486200531757973287e-01,-4.999979792470021494e-18
2.252816020025031563e+00,5.114192638837294913e-01,3.213274305905260975e-01,8.423381184127499977e-02,1.070559717893096341e+00,1.904554374144571960e-01,-5.084559274344074343e-18
2.262828535669587193e+00,5.146803430423460002e-01,3.294681222020144906e-01,9.460241320612677862e-02,9.924609776032039532e-01,1.296396373962690474e-01,-5.157645344150569900e-18
2.272841051314142824e+00,5.180045532784628426e-01,3.339176123026075804e-01,1.039727961790559152e-01,8.737767582280993039e-01,6.699770748328758019e-02,-5.220806188874935973e-18
2.282853566958698455e+00,5.213541283741444099e-01,3.345027827552898292e-01,1.119920701675636843e-01,7.231649023482276117e-01,3.132547870007870716e-03,-5.275383531452592292e-18
2.292866082603254085e+00,5.246896870462057771e-01,3.310980860658785940e-01,1.183754816128946841e-01,5.482582220574322429e-01,-6.135135766726987350e-02,-5.322546818528141040e-18
2.302878598247809716e+00,5.279707616863270614e-01,3.236183345583185100e-01,1.229109228395708076e-01,3.555568969948035840e-01,-1.258947057050734675e-01,-5.363303843192056744e-18
2.312891113892365347e+00,5.311563975668339710e-01,3.120176289010772042e-01,1.254548570531598961e-01,1.504743778169143620e-01,-1.899798516234158796e-01,-5.398521984804339030e-18
2.322903629536921422e+00,5.342052724136019393e-01,2.963137390645965152e-01,1.259011979306548235e-01,-6.194862057612129935e-02,-2.530221044150898768e-01,-5.428957286386468709e-18
2.332916145181477052e+00,5.370767112960271872e-01,2.766326448084285294e-01,1.242041618326610447e-01,-2.768425582708881061e-01,-3.144762922887594514e-01,-5.455256930362551677e-18
2.342928660826032683e+00,5.397329408076645407e-01,2.533997129894106637e-01,1.203727147031976585e-01,-4.874683968971017523e-01,-3.738069996142623364e-01,-5.477983189031195266e-18
2.352941176470588314e+00,5.421421615951361739e-01,2.275219318022360659e-01,1.144905755082174792e-01,-6.837968643940791624e-01,-4.305434720704087170e-01,-5.497623428248230390e-18
2.362953692115143944e+00,5.442854648897321734e-01,2.005929718342225332e-01,1.067670694529267439e-01,-8.533302995178639883e-01,-4.844703473424540330e-01,-5.514594004715590698e-18
2.372966207759699575e+00,5.461620698694072962e-01,1.745712727398783803e-01,9.754758988858446001e-02,-9.801650227793581305e-01,-5.354405983142643821e-01,-5.529259120506870576e-18
2.382978723404255206e+00,5.477909105271236978e-01,1.513999117916806358e-01,8.731109562995996443e-02,-1.057834604041379301e+00,-5.830758574390683124e-01,-5.541932444378233471e-18
2.392991239048811281e+00,5.492087474870532837e-01,1.326891795869341029e-01,7.649306738005044737e-02,-1.093346194649336356e+00,-6.260233029677612082e-01,-5.552875007435544632e-18
2.403003754693366911e+00,5.504681884895931132e-01,1.200455025599439646e-01,6.564310807527902469e-02,-1.065743082314335011e+00,-6.623813158996078032e-01,-5.582918864515297855e-18
2.413016270337922542e+00,5.516387965609922395e-01,1.151972490912965275e-01,5.532146509715063498e-02,-9.866046739005260857e-01,-6.908268794345481245e-01,-5.806974255145250351e-18
2.423028785982478173e+00,5.528045483869040710e-01,1.191299982889326009e-01,4.608166356124562130e-02,-8.483773728490423549e-01,-7.107522585803701665e-01,-5.944730429048919745e-18
2.433041301627033803e+00,5.540515031009429769e-01,1.311431670218131951e-01,3.853839777290074542e-02,-6.492130392066828293e-01,-7.219432496750728401e-01,-6.035997599364438673e-18
2.443053817271589434e+00,5.554508650804649283e-01,1.491795052390932352e-01,3.323481487524367062e-02,-4.043503457798732770e-01,-7.242509132186032428e-01,-6.122944247511044803e-18
2.453066332916145065e+00,5.570508965906100229e-01,1.708660502064291986e-01,3.052095149449070635e-02,-1.355059439778585895e-01,-7.176858234486394039e-01,-6.196228519222890279e-18
2.463078848560701140e+00,5.588781280433334775e-01,1.942749692025855512e-01,3.053118417612800395e-02,1.366281993811386264e-01,-7.024747044770974780e-01,-6.259556822640728927e-18
2.473091364205256770e+00,5.609422651666285953e-01,2.179977260766217673e-01,3.321172608669728521e-02,3.954880620502468913e-01,-6.790156926722764608e-01,-6.314281760216405497e-18
2.483103879849812401e+00,5.632411458970603135e-01,2.410148201576561011e-01,3.836419823910230259e-02,6.288381513621761343e-01,-6.477998333105697837e-01,-6.361571794421408955e-18
2.493116395494368032e+00,5.657636838259116896e-01,2.625673703444112994e-01,4.569646650058341308e-02,8.303094382903564163e-01,-6.093186038383097136e-01,-6.402438102699245015e-18
2.503128911138923662e+00,5.684921682467273252e-01,2.820590351480731783e-01,5.488183407868049701e-02,9.957311434427114083e-01,-5.639454259019528459e-01,-6.437750702230118342e-18
2.513141426783479293e+00,5.714034317174361277e-01,2.990079778617172890e-01,6.535578713006048868e-02,1.083576292633191551e+00,-5.126354790276774764e-01,-6.468267363262237404e-18
2.523153942428034924e+00,5.744699769602730210e-01,3.130173474608681228e-01,7.633814013404548182e-02,1.099327785387973488e+00,-4.568699115264024391e-01,-6.494637499933733648e-18
2.533166458072590999e+00,5.776607144378135272e-01,3.237600416176991125e-01,8.717575775505724545e-02,1.056389110961114985e+00,-3.978126906538931862e-01,-6.517424880215354803e-18
2.543178973717146629e+00,5.809414801221624014e-01,3.309721004046775605e-01,9.733244072292202009e-02,9.658711536648360019e-01,-3.363902419304622970e-01,-6.537117393918980163e-18
2.553191489361702260e+00,5.842759357638426243e-01,3.344425356042694530e-01,1.063901466206996910e-01,8.373195451330930350e-01,-2.732773162660505628e-01,-6.554133480489417798e-18
2.563204005006257891e+00,5.876257038396374144e-01,3.340130596618288150e-01,1.140032980319529710e-01,6.792468644096318897e-01,-2.091418807269401769e-01,-6.568838478090354150e-18
2.573216520650813521e+00,5.909511179645738910e-01,3.295681817126607793e-01,1.199153958106041890e-01,4.988465205626210763e-01,-1.445385451940437715e-01,-6.581545775028906770e-18
2.583229036295369152e+00,5.942116722121359995e-01,3.210314406602073900e-01,1.239402447904388166e-01,3.021884132264317513e-01,-7.998684500902875083e-02,-6.592526069376985324e-18
2.593241551939924783e+00,5.973660718015137983e-01,3.083736338184778769e-01,1.259327603449311717e-01,9.472562964828934451e-02,-1.607471482060179174e-02,-6.602015327435838184e-18
2.603254067584480858e+00,6.003731242545791158e-01,2.916225194693115585e-01,1.258144629267426706e-01,-1.189180519674599146e-01,4.666897409988046697e-02,-6.610215108368037444e-18
2.613266583229036488e+00,6.031928142538874882e-01,2.709783130774410242e-01,1.235504965024980251e-01,-3.333981953800874698e-01,1.076856388062867459e-01,-6.617300757294365146e-18
2.623279098873592119e+00,6.057881689543179737e-01,2.469536815170317590e-01,1.191606708273921511e-01,-5.413703668016227599e-01,1.664317273426459409e-01,-6.623424120618700917e-18
2.633291614518147750e+00,6.081302821623041366e-01,2.206310879338249653e-01,1.127669001359733608e-01,-7.320230357076709105e-01,2.225206262355294839e-01,-6.628715333137980590e-18
2.643304130162703380e+00,6.102043112840933592e-01,1.937279043946413259e-01,1.046030458724556966e-01,-8.922560448972151059e-01,2.757358942729385975e-01,-6.654499664442053695e-18
2.653316645807259011e+00,6.120146220831568229e-01,1.682725231671759747e-01,9.505768995525501475e-02,-1.007006489827897866e+00,3.259535331946738501e-01,-6.947667214384821990e-18
2.663329161451814642e+00,6.135850268228306703e-01,1.461043907329045988e-01,8.460198090537732196e-02,-1.073420118712423932e+00,3.725189498054505832e-01,-7.469633105366625754e-18
2.673341677096370717e+00,6.149564666998549312e-01,1.287827549791843162e-01,7.371973179781429741e-02,-1.089464451380514731e+00,4.139279716827047872e-01,-7.978919643687114726e-18
2.683354192740926347e+00,6.161858335169951850e-01,1.180058611917235989e-01,6.297355859754498464e-02,-1.047816452287278155e+00,4.483672457776233244e-01,-8.885909632840362153e-18
2.693366708385481978e+00,6.173467332792953455e-01,1.153636980839517490e-01,5.289591899148771148e-02,-9.559326406428387823e-01,4.746830893891259562e-01,-9.811875497013879305e-18
2.703379224030037609e+00,6.185255911035266729e-01,1.215079715090831014e-01,4.404393514112293906e-02,-8.019926755111854710e-01,4.923929057987280755e-01,-1.056214043888104432e-17
2.713391739674593239e+00,6.198056360137089715e-01,1.353023054944926529e-01,3.703309630305225142e-02,-5.896832840750260152e-01,5.013252273857080610e-01,-1.121045205978705244e-17
2.723404255319148870e+00,6.212529376523687752e-01,1.544892905896896318e-01,3.237097832190474062e-02,-3.368838650069653218e-01,5.013481642938319993e-01,-1.177070588759201743e-17
2.733416770963704501e+00,6.229095611188267823e-01,1.767808677621558466e-01,3.034840282540492151e-02,-6.557525358067078924e-02,4.925400210430913028e-01,-1.225483624590745597e-17
2.743429286608260576e+00,6.247972853071048771e-01,2.003862410315054299e-01,3.105188013740272507e-02,2.043613096951606700e-01,4.751679316138281983e-01,-1.267320156367227139e-17
2.753441802252816206e+00,6.269223372837857688e-01,2.240129293519811104e-01,3.438456293175288364e-02,4.576587717359479335e-01,4.496674908252694669e-01,-1.303472514457125226e-17
2.763454317897371837e+00,6.292800409739941481e-01,2.467182317537671143e-01,4.011863455573107251e-02,6.825306761123910437e-01,4.165436904126821882e-01,-1.334713839518191077e-17
2.773466833541927468e+00,6.318574121729398918e-01,2.677932594078642481e-01,4.795653110824846244e-02,8.765889721576902716e-01,3.762396094123535706e-01,-1.361710753273881989e-17
2.783479349186483098e+00,6.346352695913777264e-01,2.866735895255254629e-01,5.753117002913961386e-02,1.025453700062345375e+00,3.292120303289097771e-01,-1.385039160459373486e-17
2.793491864831038729e+00,6.375892026748133379e-01,3.029023047987718376e-01,6.819668256866072420e-02,1.093009367590746850e+00,2.766285008940371770e-01,-1.405199364452210170e-17
2.803504380475594360e+00,6.406907627348790157e-01,3.161008592731826550e-01,7.919146381678730806e-02,1.092676164543644912e+00,2.199084965870544695e-01,-1.422619886386905111e-17
2.813516896120150435e+00,6.439079886640749484e-01,3.259593887394596212e-01,8.989313683214708584e-02,1.036642065456914841e+00,1.601618019707191642e-01,-1.437674057773365814e-17
2.823529411764706065e+00,6.472061029806341903e-01,3.322280685788325250e-01,9.979852887380952220e-02,9.355934393632701074e-01,9.823253150076571849e-02,-1.450683213016384923e-17
2.833541927409261696e+00,6.505482286329307140e-01,3.347095538888935629e-01,1.085103419192106899e-01,7.987812919202369466e-01,3.478514408468114105e-02,-1.461924445669455985e-17
2.843554443053817327e+00,6.538955526922468620e-01,3.332579697427144882e-01,1.157031797084894786e-01,6.344276711410725689e-01,-2.952723767043603093e-02,-1.471639092698869174e-17
2.853566958698372957e+00,6.572082151406395401e-01,3.277672025448848947e-01,1.211440479101464768e-01,4.493574063602089885e-01,-9.418236887717400252e-02,-1.480033619678877985e-17
2.863579474342928588e+00,6.604454315873060644e-01,3.181726600865166787e-01,1.246547156944333712e-01,2.495106414212336088e-01,-1.586297356258893065e-01,-1.487287647116344879e-17
2.873591989987484219e+00,6.635658709158990254e-01,3.044554633159650692e-01,1.261084011832181162e-01,4.006449605405681957e-02,-2.223014972012028467e-01,-1.493556487249283682e-17
2.883604505632040294e+00,6.665285587394561562e-01,2.866770902731392012e-01,1.254399881146096019e-01,-1.743185353224813716e-01,-2.846677255091853431e-01,-1.498973333819102152e-17
2.893617021276595924e+00,6.692939270320832357e-01,2.650966074976327524e-01,1.226222791291268349e-01,-3.879169200705641640e-01,-3.451514187564138081e-01,-1.503654456546082337e-17
2.903629536921151555e+00,6.718264551465406020e-01,2.403514969956087599e-01,1.177012320814774804e-01,-5.925528880883298433e-01,-4.032533920080439427e-01,-1.507699610951394758e-17
2.913642052565707186e+00,6.741004733885933575e-01,2.136924156789491436e-01,1.108246977689150703e-01,-7.767527567723815363e-01,-4.586222968570325964e-01,-1.511208403972359316e-17
2.923654568210262816e+00,6.761054356534946796e-01,1.869678689032971408e-01,1.022559655263560602e-01,-9.272500579076030647e-01,-5.110823071074130919e-01,-1.513288797185835814e-17
2.933667083854818447e+00,6.778511285866143377e-01,1.621969912739841813e-01,9.243982618325555234e-02,-1.026291312596495420e+00,-5.604693104350769728e-01,-1.513984928283184041e-17
2.943679599499374078e+00,6.793658723990516624e-01,1.411294374484227399e-01,8.185328192041987916e-02,-1.081205043441409330e+00,-6.059435759709961289e-01,-1.544984369149668305e-17
2.953692115143930152e+00,6.806947061620424178e-01,1.253206218077289602e-01,7.097836771033168290e-02,-1.080173991173024151e+00,-6.457786209974826219e-01,-1.591082814537016472e-17
2.963704630788485783e+00,6.818988070029923243e-01,1.164959828960272781e-01,6.038554036322028862e-02,-1.027718716638973184e+00,-6.782636090932561146e-01,-1.633523253539285105e-17
2.973717146433041414e+00,6.830558201963009557e-01,1.161252318060170541e-01,5.057924179684701593e-02,-9.214478321629157032e-01,-7.024396062715801969e-01,-1.709300846691798969e-17
2.983729662077597045e+00,6.842533312302957471e-01,1.243967603667000682e-01,4.215142686046161741e-02,-7.521804215200591504e-01,-7.179558500071993032e-01,-1.784813795109897754e-17
2.993742177722152675e+00,6.855708989141374721e-01,1.398165280336110816e-01,3.570301931945280005e-02,-5.278300345251886183e-01,-7.246483939783586736e-01,-1.849398652036580784e-17
3.003754693366708306e+00,6.870688850911047529e-01,1.600016782899588430e-01,3.169774270291034202e-02,-2.685289109440015531e-01,-7.224172404422624094e-01,-1.905308783314427864e-17
3.013767209011264381e+00,6.887835247126568028e-01,1.827801195123592570e-01,3.036928289230756556e-02,3.963745616624270163e-03,-7.114020915553775914e-01,-1.953622043131467842e-17
3.023779724655820011e+00,6.907321286368349744e-01,2.064975726578614779e-01,3.175661317526042721e-02,2.707409960091330392e-01,-6.919137327825618522e-01,-1.995372623619904822e-17
3.033792240300375642e+00,6.929177798831845925e-01,2.299663341835964103e-01,3.572458379230624564e-02,5.178097521024184191e-01,-6.644153177756467743e-01,-2.031450393004254420e-17
3.043804755944931273e+00,6.953334394410864983e-01,2.523135456157680756e-01,4.201944966331079556e-02,7.342951878378906061e-01,-6.294193004968910987e-01,-2.062627715686759162e-17
3.053817271589486904e+00,6.979643754762461239e-01,2.728738893575418656e-01,5.033415066209704497e-02,9.190911483704937712e-01,-5.873380598009301234e-01,-2.089568688129980440e-17
3.063829787234042534e+00,7.007899875263070566e-01,2.911129401159141539e-01,6.024475278290563479e-02,1.048176014582319127e+00,-5.387656611849508392e-01,-2.112849269238011090e-17
3.073842302878598165e+00,7.037847114743440713e-01,3.065964133049813301e-01,7.104329400245031068e-02,1.097469111672337405e+00,-4.850286117149532616e-01,-2.132968000129579529e-17
3.083854818523154240e+00,7.069191733019251078e-01,3.189637267918376540e-01,8.200552237652733445e-02,1.082057615795100736e+00,-4.274418522775916274e-01,-2.150352495736067962e-17
3.093867334167709870e+00,7.101605962790035198e-01,3.279215265701857507e-01,9.253647115375240872e-02,1.013781101581257449e+00,-3.670683999574815282e-01,-2.165375839339344872e-17
3.103879849812265501e+00,7.134736130977147317e-01,3.332339498885464879e-01,1.021625638125852054e-01,9.029398922456017829e-01,-3.046900864446325796e-01,-2.178358116103666023e-17
3.113892365456821132e+00,7.168208462522155378e-01,3.347168450010995500e-01,1.105077034646209933e-01,7.584859793465850153e-01,-2.409557995180345025e-01,-2.189576191637047066e-17
3.123904881101376763e+00,7.201631014092932936e-01,3.322361350031061700e-01,1.172659615970901292e-01,5.883558313542398555e-01,-1.765056297499851545e-01,-2.199270929742121217e-17
3.133917396745932393e+00,7.234602920321790975e-01,3.256953608850526316e-01,1.222235595015367382e-01,3.990685580817869282e-01,-1.118473627373017393e-01,-2.207648125309028390e-17
3.143929912390488024e+00,7.266714697513892984e-01,3.150409701576552535e-01,1.252157507571674822e-01,1.963546352806248285e-01,-4.753673462334905703e-02,-2.214887181542687277e-17
3.153942428035044099e+00,7.297552649749265985e-01,3.002701192860555146e-01,1.261278308601425924e-01,-1.473882566389678184e-02,1.585260525254317265e-02,-2.221143145868856345e-17
3.163954943679599729e+00,7.326708967380237691e-01,2.814774655595589925e-01,1.249074625478393819e-01,-2.294966279110242091e-01,7.779134758787351056e-02,-2.226548835269968181e-17
3.173967459324155360e+00,7.353795845866742953e-01,2.590007945833680547e-01,1.215426346270107177e-01,-4.417124767412852204e-01,1.377107607926442712e-01,-2.231220302684135657e-17
3.183979974968710991e+00,7.378476095425853254e-01,2.336199305914342106e-01,1.161007439920159479e-01,-6.422428326237151763e-01,1.951367150546829410e-01,-2.235257158561962852e-17
3.193992490613266622e+00,7.400527601394860655e-01,2.067504803860968354e-01,1.087613493663933534e-01,-8.190711850786001058e-01,2.497713092463260121e-01,-2.238745451235419691e-17
3.204005006257822252e+00,7.419893961734742582e-01,1.803437893795455382e-01,9.983132014775389362e-02,-9.572301969336813876e-01,3.014882463912081922e-01,-2.251370985445160269e-17
3.214017521902377883e+00,7.436723377648248867e-01,1.563670799155439939e-01,8.975628068530994152e-02,-1.047433943338382134e+00,3.499713543666205795e-01,-2.283531096443108430e-17
3.224030037546933958e+00,7.451344077567086943e-01,1.364990695069213944e-01,7.900438361558045908e-02,-1.091869623115712562e+00,3.941193297094305326e-01,-2.315197274849988735e-17
3.234042553191489588e+00,7.464246593592107626e-01,1.223177888547651165e-01,6.810939649049506384e-02,-1.075002550518662670e+00,4.321193128526319982e-01,-2.340701808108072546e-17
3.244055068836045219e+00,7.476086152600468493e-01,1.155465027851999837e-01,5.763551766496531614e-02,-1.008494236838631819e+00,4.624689869704396439e-01,-2.357407017125379929e-17
3.254067584480600850e+00,7.487676550098552042e-01,1.174593761285306764e-01,4.810361713839197972e-02,-8.850684237439099267e-01,4.843713250887837218e-01,-2.374542256513200385e-17
3.264080100125156481e+00,7.499889834311456172e-01,1.277679379107245494e-01,4.012317691971991479e-02,-6.993858669887840218e-01,4.975688448658868168e-01,-2.389599798149330237e-17
3.274092615769712111e+00,7.513482436976801626e-01,1.446433742821877644e-01,3.426876725431968890e-02,-4.633181663735106426e-01,5.019082815378431706e-01,-2.402611848752219861e-17
3.284105131414267742e+00,7.528992372596940985e-01,1.656824466383305938e-01,3.094198346938215050e-02,-1.981896815983631432e-01,4.973569436758901174e-01,-2.413856106396037163e-17
3.294117647058823817e+00,7.546730227682159065e-01,1.888387866213351862e-01,3.032506536739048436e-02,7.473898160396218182e-02,4.840910163230381369e-01,-2.423572752863417412e-17
3.304130162703379447e+00,7.566826819720453567e-01,2.125914623443715679e-01,3.240455805647408927e-02,3.377711846764285264e-01,4.624743568737869071e-01,-2.431969383239125497e-17
3.314142678347935078e+00,7.589284648100631525e-01,2.358448014940668636e-01,3.701240774670393197e-02,5.781274636450109972e-01,4.329809277487866037e-01,-2.439225222549677216e-17
3.324155193992490709e+00,7.614011012361218134e-01,2.577905847533349948e-01,4.387628422284144819e-02,7.871940127069714244e-01,3.961004391071221153e-01,-2.445495362227347271e-17
3.334167709637046340e+00,7.640842529066285138e-01,2.778005442559320359e-01,5.265452770713786174e-02,9.587131690903445413e-01,3.523006584699617250e-01,-2.450913656643682075e-17
3.344180225281601970e+00,7.669559119072271169e-01,2.953700871283066465e-01,6.285878373870480706e-02,1.066606826093147831e+00,3.023252520158794532e-01,-2.455595840359658169e-17
3.354192740926157601e+00,7.699895080988301554e-01,3.100842555001535605e-01,7.375384055750519585e-02,1.098575272228429656e+00,2.475553672093168123e-01,-2.459641935570452920e-17
3.364205256570713676e+00,7.731546820341604898e-01,3.216012895041749919e-01,8.465251557964337259e-02,1.069096979561619198e+00,1.892345696074715089e-01,-2.463138324432227748e-17
3.374217772215269306e+00,7.764179643882759274e-01,3.296428095861374530e-01,9.499358916691233445e-02,9.893688822703013974e-01,1.283281423268540222e-01,-2.466159774902610858e-17
3.384230287859824937e+00,7.797434092800720196e-01,3.339869049510982291e-01,1.043279754620064365e-01,8.693700131152434230e-01,6.558595740020252418e-02,-2.468770695636542826e-17
3.394242803504380568e+00,7.830931650673859101e-01,3.344623140019671870e-01,1.122995571815332272e-01,7.177766234599208817e-01,1.644697446604420632e-03,-2.471026825574452735e-17
3.404255319148936199e+00,7.864277102333118163e-01,3.309460024754386498e-01,1.186222325325143462e-01,5.422376101960997286e-01,-6.287334934261744335e-02,-2.472976574868229578e-17
3.414267834793491829e+00,7.897067298931087498e-01,3.233516136623673654e-01,1.230977722436470134e-01,3.490280479129032609e-01,-1.274608753076492129e-01,-2.474661350446909663e-17
3.424280350438047460e+00,7.928891224011109795e-01,3.116378173908733729e-01,1.255735060870384889e-01,1.437111162203004167e-01,-1.915542574114527385e-01,-2.476117263434638867e-17
3.434292866082603535e+00,7.959335507217506489e-01,2.958170771817894007e-01,1.259505817281843798e-01,-6.884575305050405492e-02,-2.545917165703691087e-01,-2.477375418505500091e-17
3.444305381727159165e+00,7.987995906881236730e-01,2.760335070745942865e-01,1.241873657177189338e-01,-2.836737455791235596e-01,-3.160352244196052429e-01,-2.478462581082837182e-17
3.454317897371714796e+00,8.014493335915706673e-01,2.527104341872101201e-01,1.202864875314560711e-01,-4.940101341407540092e-01,-3.753220063384393179e-01,-2.479402100945024830e-17
3.464330413016270427e+00,8.038513190746255921e-01,2.267879460453643137e-01,1.143427189631901902e-01,-6.897320189859263984e-01,-4.320245825640662840e-01,-2.480213962674016788e-17
3.474342928660826058e+00,8.059872407868666766e-01,1.998389901458392792e-01,1.065666711975541137e-01,-8.580812699391699994e-01,-4.858902951200694820e-01,-2.480963296493156918e-17
3.484355444305381688e+00,8.078565548770174631e-01,1.738872485340273166e-01,9.732539942891098306e-02,-9.810932612230763850e-01,-5.368503966300489649e-01,-2.483340890688575472e-17
3.494367959949937319e+00,8.094789944211581156e-01,1.507994968060359653e-01,8.703681155892871446e-02,-1.064393630090925580e+00,-5.843548989085257661e-01,-2.481276874528212842e-17
3.504380475594493394e+00,8.108914669146821685e-01,1.322421630923643898e-01,7.616071823829992371e-02,-1.099869666501926968e+00,-6.270858222375232938e-01,-2.480475127962445280e-17
3.514392991239049024e+00,8.121472749017841775e-01,1.197852667348708322e-01,6.526349644790381543e-02,-1.068888941358483891e+00,-6.631780258139855500e-01,-2.495406150666009522e-17
3.524405506883604655e+00,8.133166867203399653e-01,1.151885782920280404e-01,5.492640472720343447e-02,-9.868096751222065199e-01,-6.913324124276722937e-01,-2.528407766009810695e-17
3.534418022528160286e+00,8.144834320436032948e-01,1.193584923112251672e-01,4.569785194120729033e-02,-8.456474842430737882e-01,-7.109794583267518009e-01,-2.587658724905499735e-17
3.544430538172715917e+00,8.157337884655226912e-01,1.315763493155128472e-01,3.819728594589971715e-02,-6.438441354548665174e-01,-7.218854094960415191e-01,-2.648685222592861612e-17
3.554443053817271547e+00,8.171381332855967017e-01,1.497415661245872498e-01,3.295506219503425288e-02,-3.971975951397153093e-01,-7.239265147053012273e-01,-2.701419699181788136e-17
3.564455569461827178e+00,8.187442519329237722e-01,1.714995101487833962e-01,3.032003138398823780e-02,-1.274128029812242047e-01,-7.170870961836712798e-01,-2.746991129788621429e-17
3.574468085106383253e+00,8.205779489904739821e-01,1.949350282786452837e-01,3.041171064967365667e-02,1.449582073523363879e-01,-7.016259110504703411e-01,-2.786370330703499419e-17
3.584480600750938883e+00,8.226487038563045084e-01,2.186493106919776830e-01,3.317507282403750479e-02,4.035042509439563663e-01,-6.779325933367541523e-01,-2.820400478300709497e-17
3.594493116395494514e+00,8.249539534636876059e-01,2.416361660006641210e-01,3.840677118067088724e-02,6.366807666756222339e-01,-6.464959607639229056e-01,-2.849806846841548088e-17
3.604505632040050145e+00,8.274824941776141030e-01,2.631383513826148768e-01,4.581828226391097825e-02,8.382229586847097513e-01,-6.077932356000979031e-01,-2.875218923063608680e-17
3.614518147684605776e+00,8.302163491407404949e-01,2.825660504294422171e-01,5.503614339908630138e-02,9.940199392814906831e-01,-5.623260371450455875e-01,-2.897178411388020400e-17
3.624530663329161406e+00,8.331323478478015465e-01,2.994379770425143472e-01,6.548711217132183182e-02,1.080508957881739729e+00,-5.110455197862775467e-01,-2.916153446965052969e-17
3.634543178973717037e+00,8.362027665047581104e-01,3.133608828750616970e-01,7.643758954604991385e-02,1.096404575378481905e+00,-4.553511259244711895e-01,-2.932551877329734261e-17
3.644555694618273112e+00,8.393964459226308517e-01,3.240091768141802331e-01,8.724492480396139893e-02,1.053443627108861858e+00,-3.963449573298595263e-01,-2.946721944362830668e-17
3.654568210262828742e+00,8.426792650485218639e-01,3.311191089591415393e-01,9.737621722823273929e-02,9.627386277977840745e-01,-3.349371246387414791e-01,-2.958966749593185843e-17
3.664580725907384373e+00,8.460146070345896385e-01,3.344839869570891966e-01,1.063966632465546958e-01,8.340855411970446998e-01,-2.718975024042681321e-01,-2.969548655617794520e-17
3.674593241551940004e+00,8.493642631045533742e-01,3.339439559040093264e-01,1.139791623836884371e-01,6.757665941568762324e-01,-2.077999076005333512e-01,-2.978692354912210343e-17
3.684605757196495635e+00,8.526884619433374723e-01,3.293863029115691732e-01,1.198568799213362707e-01,4.951404529691539880e-01,-1.432511784068971894e-01,-2.986594118457037525e-17
3.694618272841051265e+00,8.559465380185672378e-01,3.207357921166756332e-01,1.238385809499080170e-01,2.983674632088123557e-01,-7.879388115575540474e-02,-2.993422490814745582e-17
3.704630788485606896e+00,8.590974403578270913e-01,3.079607328646159492e-01,1.257963679341247143e-01,9.064156374645920833e-02,-1.494699037644164896e-02,-2.999322809855744980e-17
3.714643304130162971e+00,8.620999027570965811e-01,2.911046178093657510e-01,1.256365214562058519e-01,-1.230423977899574306e-01,4.769481958385111270e-02,-3.004421879780136749e-17
3.724655819774718601e+00,8.649137011294241173e-01,2.703513177182316762e-01,1.233280133846984955e-01,-3.375372343373387873e-01,1.085889896054537951e-01,-3.008828095191067753e-17
3.734668335419274232e+00,8.675024318161957959e-01,2.462450900218107475e-01,1.189003541891490434e-01,-5.453382256113755711e-01,1.672196080760517400e-01,-3.012724444577114533e-17
3.744680851063829863e+00,8.698371254922190321e-01,2.198732052168248796e-01,1.124660823572751212e-01,-7.354327179579239759e-01,2.231581662452442327e-01,-3.018398371982106797e-17
3.754693366708385494e+00,8.719036831798480103e-01,1.930029676800264493e-01,1.042777332900227255e-01,-8.939416105507276278e-01,2.762560924314784172e-01,-3.016702161519051486e-17
3.764705882352941124e+00,8.737069799282723981e-01,1.676099564729106040e-01,9.471954452139622060e-02,-1.007104476749412614e+00,3.263303201057662917e-01,-3.009890520167442743e-17
3.774718397997496755e+00,8.752713351757721583e-01,1.455532438957567454e-01,8.427301375020267160e-02,-1.072614092784806683e+00,3.727735812317022890e-01,-3.014068042294265513e-17
3.784730913642052830e+00,8.766380200313065307e-01,1.283960204791158854e-01,7.339752821205680622e-02,-1.090036597983426780e+00,4.140285056759378524e-01,-2.986124545250053515e-17
3.794743429286608460e+00,8.778643162083988871e-01,1.178022241611111076e-01,6.265192225738770715e-02,-1.048265653114511142e+00,4.482434767341543225e-01,-2.875648665251722794e-17
3.804755944931164091e+00,8.790245743734795836e-01,1.154158724904681826e-01,5.258132991451955340e-02,-9.536735926152170029e-01,4.743074046880630390e-01,-2.776794334127727963e-17
3.814768460575719722e+00,8.802050561300106546e-01,1.218027662202190026e-01,4.376189300667768234e-02,-7.974778974181193636e-01,4.917520728669743102e-01,-2.692144222763003295e-17
3.824780976220275353e+00,8.814890855499364353e-01,1.357730344226977526e-01,3.680682064170089085e-02,-5.833557496211431159e-01,5.004170331596415888e-01,-2.618821421745638325e-17
3.834793491864830983e+00,8.829417432750873429e-01,1.550762434891490016e-01,3.221394321797269034e-02,-3.294548855961053624e-01,5.001798890389995700e-01,-2.555458785096243594e-17
3.844806007509387058e+00,8.846045625233255327e-01,1.774267052851949689e-01,3.026905162611900901e-02,-5.775221693505011578e-02,4.911146924140541992e-01,-2.500705087489719377e-17
3.854818523153942689e+00,8.864988595997955745e-01,2.010479875848533715e-01,3.104921718128164296e-02,2.120690959012768995e-01,4.735062549803106258e-01,-2.453390198205006548e-17
3.864831038798498319e+00,8.886304908634823363e-01,2.246600501459520838e-01,3.445733849794120618e-02,4.648008870347258292e-01,4.477793856479010959e-01,-2.412502698221808431e-17
3.874843554443053950e+00,8.909945050922858378e-01,2.473291274013884322e-01,4.026407005404708528e-02,6.899959232215858718e-01,4.144298789909060532e-01,-2.377170553069655385e-17
3.884856070087609581e+00,8.935777394593327205e-01,2.683497624548686344e-01,4.816023481731995098e-02,8.805970745578820535e-01,3.739388063912460480e-01,-2.346637202289317024e-17
3.894868585732165212e+00,8.963608212422234933e-01,2.871626936073295444e-01,5.773015935359392115e-02,1.020720338695129348e+00,3.268830388473122350e-01,-2.320253708698190039e-17
3.904881101376720842e+00,8.993192889093395426e-01,3.033115146878124224e-01,6.835772162821741882e-02,1.089487914863930484e+00,2.743482768939761729e-01,-2.297453911721148162e-17
3.914893617021276917e+00,9.024244816213176090e-01,3.164215189145009322e-01,7.931502688083241770e-02,1.089279800492786388e+00,2.176848955034171029e-01,-2.277751216765351847e-17
3.924906132665832548e+00,9.056444617653273133e-01,3.261830842993492241e-01,8.998530422861447664e-02,1.033191389891963352e+00,1.579495849675189578e-01,-2.260726097957449647e-17
3.934918648310388178e+00,9.089443111587760527e-01,3.323489313446593707e-01,9.985521176553323330e-02,9.320520834232899343e-01,9.605237511094966152e-02,-2.246013050059761542e-17
3.944931163954943809e+00,9.122870744224738093e-01,3.347234174131808460e-01,1.085287494213594967e-01,7.951299559535198735e-01,3.264975493280752872e-02,-2.233299327541921259e-17
3.954943679599499440e+00,9.156340342164867030e-01,3.331601403046937637e-01,1.156878048798077319e-01,6.305563804884884993e-01,-3.163940114515043089e-02,-2.222312905544303927e-17
3.964956195244055071e+00,9.189451228388373361e-01,3.275566279569401273e-01,1.210865202266973722e-01,4.453685543354927168e-01,-9.623138612724047025e-02,-2.212818618545898607e-17
3.974968710888610701e+00,9.221796486125085623e-01,3.178469353388422847e-01,1.245568127860178231e-01,2.453587970661672002e-01,-1.606167118721483766e-01,-2.204614662907873818e-17
3.984981226533166776e+00,9.252963100830106091e-01,3.040174352396819435e-01,1.259699102153769013e-01,3.578648577606960424e-02,-2.242164217769001822e-01,-2.197524933234354558e-17
3.994993742177722407e+00,9.282539799731183150e-01,2.861271752018604841e-01,1.252555811367302985e-01,-1.786310751991659895e-01,-2.864799350901802155e-01,-2.191398440131836462e-17
4.005006257822278037e+00,9.310133192162137750e-01,2.644470683336349048e-01,1.223966558801533183e-01,-3.921771107997359396e-01,-3.468639246815136690e-01,-2.186104478552024062e-17
4.015018773466833224e+00,9.335390329446817681e-01,2.396249436748509043e-01,1.174346413110094051e-01,-5.964406740111574123e-01,-4.048403089784241571e-01,-2.181529398107375202e-17
4.025031289111389299e+00,9.358054937130770856e-01,2.129486651535685837e-01,1.105181141798201594e-01,-7.804834653297847424e-01,-4.600893269321183476e-01,-2.177576098344011466e-17
4.035043804755945374e+00,9.378032070078333726e-01,1.862503750658384416e-01,1.019245380265314110e-01,-9.289654269155156463e-01,-5.124475556066619975e-01,-2.175046903810134043e-17
4.045056320400500560e+00,9.395421531752237154e-01,1.615721242770678800e-01,9.208769490817704517e-02,-1.027668646121985940e+00,-5.617817176102581911e-01,-2.184956877562043409e-17
4.055068836045056635e+00,9.410511198257908161e-01,1.406007802073204749e-01,8.151445672920994145e-02,-1.075926418388389205e+00,-6.071007927858854680e-01,-2.171788832415525986e-17
4.065081351689611822e+00,9.423754170781006856e-01,1.249692931056512468e-01,7.070683511408512589e-02,-1.074504889786641826e+00,-6.468116715289614627e-01,-2.087628115727744703e-17
4.075093867334167896e+00,9.435767811760696899e-01,1.163421145147981728e-01,6.016296505727748711e-02,-1.023281014558614421e+00,-6.790854104517446421e-01,-1.929661020410006298e-17
4.085106382978723083e+00,9.447340122017463537e-01,1.162272506404548877e-01,5.040836139495032120e-02,-9.154133793986011236e-01,-7.030538290763500564e-01,-1.787751801792818708e-17
4.095118898623279158e+00,9.459333835576900773e-01,1.247436531639582458e-01,4.204030685796893152e-02,-7.452207836591016044e-01,-7.183604296025009051e-01,-1.671966191686094364e-17
4.105131414267835233e+00,9.472554577012467503e-01,1.403212826933673552e-01,3.566716346235605795e-02,-5.204325402989742333e-01,-7.248240471286693243e-01,-1.570036765906222105e-17
4.115143929912390419e+00,9.487590062754204245e-01,1.606061360726871723e-01,3.173459301594155901e-02,-2.609729805804154035e-01,-7.223826366001389054e-01,-1.481956311193730908e-17
4.125156445556946494e+00,9.504799873232522289e-01,1.834308731349290067e-01,3.048265338681231673e-02,1.117819662895364052e-02,-7.111426182347265756e-01,-1.405840980291541991e-17
4.135168961201501681e+00,9.524351654249545440e-01,2.071561851747372451e-01,3.193779261008151960e-02,2.773368716783328192e-01,-6.914470029839524523e-01,-1.340067356774102640e-17
4.145181476846057755e+00,9.546273320531186712e-01,2.306040782764447461e-01,3.596876830537819314e-02,5.235061153774569487e-01,-6.637438366969720116e-01,-1.283228422813571494e-17
4.155193992490612942e+00,9.570491867082796533e-01,2.529105263767791323e-01,4.232221593263690851e-02,7.402093209323326040e-01,-6.285297823419668806e-01,-1.234112517448314996e-17
4.165206508135169017e+00,9.596858271008482655e-01,2.734126686196606260e-01,5.068719284294457422e-02,9.238946687870822627e-01,-5.862471715566714980e-01,-1.191667054781560707e-17
4.175219023779725092e+00,9.625164531084912101e-01,2.915816038921109632e-01,6.060889410432886842e-02,1.047622548081100113e+00,-5.375476750557788286e-01,-1.154990215919499748e-17
4.185231539424280278e+00,9.655155232795710196e-01,3.069823377522501451e-01,7.140436703656989625e-02,1.095023444310091243e+00,-4.836849569274794258e-01,-1.123297010658046956e-17
4.195244055068836353e+00,9.686533596099343724e-01,3.192593356626296508e-01,8.233231175780807154e-02,1.078721074118413004e+00,-4.260806978016877800e-01,-1.095907293072250474e-17
4.205256570713391540e+00,9.718972661878492181e-01,3.281186703017786033e-01,9.282851473685532762e-02,1.009645964391232553e+00,-3.656466588222160308e-01,-1.072240098392748478e-17
4.215269086357947614e+00,9.752117777663683595e-01,3.333265896133739137e-01,1.024117089918868823e-01,8.981795530736869093e-01,-3.032250526755636555e-01,-1.051787798994116531e-17
4.225281602002502801e+00,9.785593269740237021e-01,3.347020508052049315e-01,1.107018186805270865e-01,7.533417642789771440e-01,-2.394934695313057360e-01,-1.034113516867482834e-17
4.235294117647058876e+00,9.819009479789523320e-01,3.321086417238195976e-01,1.174123598744807456e-01,5.827838568883688675e-01,-1.750042077896097337e-01,-1.018841346709906219e-17
4.245306633291614951e+00,9.851962862398158105e-01,3.254553247921538328e-01,1.223107475785111808e-01,3.933144520998212434e-01,-1.103577217146712308e-01,-1.005643159056183812e-17
4.255319148936170137e+00,9.884044114088302857e-01,3.146852937866714828e-01,1.252416736072813064e-01,1.904935305357697839e-01,-4.607366396520946872e-02,-9.942382633878563011e-18
4.265331664580726212e+00,9.914841493937178729e-01,2.997999614602692153e-01,1.260996898747350214e-01,-2.072932129356308550e-02,1.730569461555067634e-02,-9.843831994499141690e-18
4.275344180225281399e+00,9.943945757383494399e-01,2.809045188684424210e-01,1.248172194501345478e-01,-2.353319607723843299e-01,7.918654126920857128e-02,-9.758663935893975981e-18
4.285356695869837473e+00,9.970968582387387258e-01,2.583286720053664109e-01,1.213942556845284820e-01,-4.473234884832926195e-01,1.390435805218091236e-01,-9.685070101163447178e-18
4.295369211514393548e+00,9.995579336109153834e-01,2.328768684956076529e-01,1.158991563089672577e-01,-6.475304264845593849e-01,1.963940646747400487e-01,-9.626450697770532634e-18
4.305381727158948735e+00,1.001755389354267445e+00,2.059949764913379111e-01,1.085076778871733594e-01,-8.231767494283763753e-01,2.509335928508099611e-01,-9.639905340885284238e-18
4.315394242803504810e+00,1.003684792726834196e+00,1.796455360403651502e-01,9.954875732306406322e-02,-9.592886131061871824e-01,3.025759476330571740e-01,-9.443151056745630686e-18
4.325406758448059996e+00,1.005361114613894546e+00,1.557582378363341624e-01,8.946494676753538600e-02,-1.046786320807841175e+00,3.509807763127621438e-01,-8.199562002157658548e-18
4.335419274092616071e+00,1.006817819146259785e+00,1.360269227385401403e-01,7.870363314126149756e-02,-1.094048328247316348e+00,3.950324371280178881e-01,-6.384796167525083869e-18
4.345431789737171258e+00,1.008104183668227627e+00,1.220324322305946230e-01,6.777066578397174246e-02,-1.081165593787293489e+00,4.328459686496207715e-01,-4.331662133749437370e-18
4.355444305381727332e+00,1.009286228322514356e+00,1.154791882958797339e-01,5.725570382713978529e-02,-1.009900043567727890e+00,4.629424453809851681e-01,-2.464174273790570223e-18
4.365456821026283407e+00,1.010445991890661421e+00,1.176326877356369677e-01,4.772697752232631790e-02,-8.836480588768297340e-01,4.845602983126747754e-01,-9.327663622517726198e-19
4.375469336670838594e+00,1.011670154247710451e+00,1.281508681196829591e-01,3.977453942071479398e-02,-6.951060931298003176e-01,4.974683564458479701e-01,3.904883167183566413e-19
4.385481852315394669e+00,1.013033984358344908e+00,1.451805560307386778e-01,3.397306169610948140e-02,-4.568207815234101576e-01,5.015132812235135740e-01,1.534012068628572231e-18
4.395494367959949855e+00,1.014590827739801027e+00,1.663040562905537256e-01,3.071828232211338758e-02,-1.904682410982630469e-01,4.966737015759378759e-01,2.522190422871888670e-18
4.405506883604505930e+00,1.016371044754391439e+00,1.894952945179299575e-01,3.018139274479240963e-02,8.292017392547730570e-02,4.831359083489784600e-01,3.376115757605154250e-18
4.415519399249061117e+00,1.018387300615858804e+00,2.132473424937176842e-01,3.234265261080199183e-02,3.458179120642406734e-01,4.612673383512632674e-01,4.114036585959588748e-18
4.425531914893617191e+00,1.020639536890589838e+00,2.364744237536630378e-01,3.702851356219185458e-02,5.856182968568831582e-01,4.315445656516010975e-01,4.751699665114907753e-18
4.435544430538173266e+00,1.023118260976461080e+00,2.583743516425484055e-01,4.396339927823067484e-02,7.938357498398892487e-01,3.944565226011294556e-01,5.302738741931470825e-18
4.445556946182728453e+00,1.025806963846683351e+00,2.783229526160320710e-01,5.280155201160335876e-02,9.642830529005047557e-01,3.504735403011955963e-01,5.778911935869036214e-18
4.455569461827284528e+00,1.028683489288372055e+00,2.958185336235909513e-01,6.304617885968728797e-02,1.069098298854004314e+00,3.003577999405493415e-01,6.190397436528226410e-18
4.465581977471839714e+00,1.031721164307794147e+00,3.104482281400628430e-01,7.395870930413749045e-02,1.099489669593249896e+00,2.454959442560720739e-01,6.545978475509952027e-18
4.475594493116395789e+00,1.034889499949081859e+00,3.218725776740015143e-01,8.485671944427876368e-02,1.068539086152481055e+00,1.871259833243457682e-01,6.853258080791458521e-18
4.485607008760950976e+00,1.038155038816511722e+00,3.298136719289283536e-01,9.518951446944930173e-02,9.875109292065061828e-01,1.261596229518443801e-01,7.118778655465758136e-18
4.495619524405507050e+00,1.041481674740091901e+00,3.340524450550936830e-01,1.044990114645394652e-01,8.665035076680329684e-01,6.340680577116275529e-02,7.348238380922418187e-18
4.505632040050063125e+00,1.044831491938135182e+00,3.344191625089894537e-01,1.124348011067856923e-01,7.141331993684643109e-01,-5.192441179653339844e-04,7.546519584495136127e-18
4.515644555694618312e+00,1.048165110744285311e+00,3.307896124116147529e-01,1.187222287974049467e-01,5.378757255635038259e-01,-6.504321780557074939e-02,7.717859053350115627e-18
4.525657071339174387e+00,1.051441959643197643e+00,3.230821208673516631e-01,1.231483892185352147e-01,3.442403605379872333e-01,-1.295856560950322256e-01,7.865929361402655698e-18
4.535669586983729573e+00,1.054621059056795263e+00,3.112519301656288540e-01,1.255749190809735405e-01,1.385472415107705246e-01,-1.936366688667845448e-01,7.993876811812084151e-18
4.545682102628285648e+00,1.057661149633937425e+00,2.953220565215862736e-01,1.259010547186365236e-01,-7.421482380843051618e-02,-2.566204227005254301e-01,8.104445675597007735e-18
4.555694618272840835e+00,1.060521588015105099e+00,2.754305108102554911e-01,1.240803354400356884e-01,-2.890669213766135504e-01,-3.179776674099057954e-01,8.199993223781298883e-18
4.565707133917396909e+00,1.063164828517468852e+00,2.520202893190210958e-01,1.201284335307236661e-01,-4.992288357300402879e-01,-3.771872551373585680e-01,8.282556334970702100e-18
4.575719649561952984e+00,1.065559621038576710e+00,2.260295926951329526e-01,1.141326254814227087e-01,-6.945366212145287488e-01,-4.337763715362737971e-01,8.353909018290794084e-18
4.585732165206508171e+00,1.067687894417194361e+00,1.991035917679957468e-01,1.063133788796978563e-01,-8.614670740099850121e-01,-4.875517126333869244e-01,8.415564173179479595e-18
4.595744680851064246e+00,1.069550084946220503e+00,1.731935232203185016e-01,9.702536448411358538e-02,-9.860979609460294171e-01,-5.383559050037879379e-01,8.468840061208375223e-18
4.605757196495619432e+00,1.071166117215127445e+00,1.502329174422901981e-01,8.673446767465343987e-02,-1.063364524125545163e+00,-5.857490756184026148e-01,8.372267551032500692e-18
4.615769712140175507e+00,1.072573633479963595e+00,1.318109936749796707e-01,7.591000825951332853e-02,-1.088846830562627099e+00,-6.283508274883022882e-01,7.920333012817093263e-18
4.625782227784730694e+00,1.073826113528390191e+00,1.195532166230144216e-01,6.510908417589361674e-02,-1.059612822409081501e+00,-6.643208693959342659e-01,7.515234362623850778e-18
4.635794743429286768e+00,1.074994227883197206e+00,1.151835120731075496e-01,5.485828932738905095e-02,-9.788095896168471644e-01,-6.923087403485410629e-01,6.932633643654586282e-18
4.645807259073842843e+00,1.076162221639057170e+00,1.195989636998697203e-01,4.570815956293673016e-02,-8.379819232185279354e-01,-7.117728558404443628e-01,6.516037255866179762e-18
4.655819774718398030e+00,1.077416015549516493e+00,1.320128588776008915e-01,3.828339324007974664e-02,-6.363396233530973500e-01,-7.224893408136179307e-01,6.318606900823215308e-18
4.665832290362954105e+00,1.078825449123155256e+00,1.503088421822458276e-01,3.311525580867401980e-02,-3.899770113832918272e-01,-7.243330364208021566e-01,6.148001950924900430e-18
4.675844806007509291e+00,1.080437635061237467e+00,1.721366751165545605e-01,3.054988665309549961e-02,-1.207338793726807635e-01,-7.172924628429587779e-01,6.000571118829237167e-18
4.685857321652065366e+00,1.082277872573479183e+00,1.955962923180916968e-01,3.070476826999128661e-02,1.508603711201210729e-01,-7.016281587460632130e-01,5.873172910025651862e-18
4.695869837296620553e+00,1.084355226613864964e+00,2.193025514471810267e-01,3.352270119082458727e-02,4.084628090277389045e-01,-6.777325672374441279e-01,5.763079694605988523e-18
4.705882352941176627e+00,1.086666876307382790e+00,2.422572510952399616e-01,3.879885158406051748e-02,6.406087136673691562e-01,-6.460964106075902658e-01,5.667945465346669162e-18
4.715894868585732702e+00,1.089201394557189673e+00,2.637091303716506130e-01,4.624437159514351720e-02,8.409745628549045726e-01,-6.071973470036738929e-01,5.585732880417620323e-18
4.725907384230287889e+00,1.091940652266082168e+00,2.830718302267735131e-01,5.547941536713141969e-02,9.945328142976073149e-01,-5.615522762673426094e-01,5.514690979304425375e-18
4.735919899874843964e+00,1.094861339800291544e+00,2.998666749659039676e-01,6.592768712797236752e-02,1.079526418224529438e+00,-5.101285821258992881e-01,5.453303349206664081e-18
4.745932415519399150e+00,1.097935617386831986e+00,3.137027354034040427e-01,7.685937869016172541e-02,1.093865411884993977e+00,-4.543145415000687248e-01,5.400251506765239788e-18
4.755944931163955225e+00,1.101132257184589847e+00,3.242558862928683894e-01,8.763554477224975992e-02,1.049672074088586760e+00,-3.952024837398201984e-01,5.354409403535405856e-18
4.765957446808510412e+00,1.104417036571789579e+00,3.312643739074033755e-01,9.772346330586118013e-02,9.580304825891438059e-01,-3.337153668699534004e-01,5.314795118609950774e-18
4.775969962453066486e+00,1.107753303587195592e+00,3.345226698554247813e-01,1.066932756960744799e-01,8.286652262595085583e-01,-2.706070859793014982e-01,5.280561068120038149e-18
4.785982478097622561e+00,1.111102805366334989e+00,3.338722260001106279e-01,1.142192201486533776e-01,6.698304904478845634e-01,-2.064553127344844474e-01,5.250979838018396849e-18
4.795994993742177748e+00,1.114425711427160293e+00,3.292018720991869984e-01,1.200348720478408154e-01,4.888746827410840323e-01,-1.418735496219042380e-01,5.225416084005144358e-18
4.806007509386733823e+00,1.117681373814170431e+00,3.204367413654573560e-01,1.239532567746046005e-01,2.918853174406469964e-01,-7.739291175781290444e-02,5.203325390885993487e-18
4.816020025031289009e+00,1.120828714218144562e+00,3.075474083151337745e-01,1.258457032396455844e-01,8.407340368480031856e-02,-1.354162364180419575e-02,5.184236882973085758e-18
4.826032540675845084e+00,1.123826463040517698e+00,2.905794037304069155e-01,1.256196590054223516e-01,-1.295757515873065813e-01,4.908508287096692568e-02,5.167740455109787104e-18
4.836045056320400271e+00,1.126634482256326564e+00,2.697232340453536992e-01,1.232468575944431211e-01,-3.439004461403312729e-01,1.099501890222557704e-01,5.153485745621917490e-18
4.846057571964956345e+00,1.129216498977632321e+00,2.455353156838268047e-01,1.187571269076515557e-01,-5.512745434698193003e-01,1.685327202577714678e-01,5.141039426726113061e-18
4.856070087609512420e+00,1.131543854046316300e+00,2.191270965573752227e-01,1.122673741870543890e-01,-7.405636327719811174e-01,2.244179999829974959e-01,5.144917874243006884e-18
4.866082603254067607e+00,1.133602959445663805e+00,1.922678927607800459e-01,1.040323312624349961e-01,-8.981181987176534154e-01,2.774528404487899835e-01,5.129596521893812347e-18
4.876095118898623682e+00,1.135399194897989350e+00,1.669452886487721444e-01,9.444155537320601812e-02,-1.009010999589848634e+00,3.274598184151473745e-01,4.853966627021518526e-18
4.886107634543178868e+00,1.136957416488355799e+00,1.450019906526817670e-01,8.398956504215918106e-02,-1.071922653698472505e+00,3.738351265893222752e-01,4.105965242489620447e-18
4.896120150187734943e+00,1.138319353248534949e+00,1.280042318058428052e-01,7.311863257984051179e-02,-1.088794121832813211e+00,4.149714931044178323e-01,2.749409830870407383e-18
4.906132665832290130e+00,1.139542758909846798e+00,1.176221415758493954e-01,6.239238822634014803e-02,-1.045770340795418418e+00,4.490017285255660795e-01,1.313079860097517485e-18
4.916145181476846204e+00,1.140702354840266164e+00,1.154752221577505372e-01,5.235283700244722227e-02,-9.498968566287409043e-01,4.748544799189728938e-01,7.191217129551828563e-20
4.926157697121402279e+00,1.141884720100488471e+00,1.221008550284181093e-01,4.358054725030696686e-02,-7.921020540452310410e-01,4.920863653104074475e-01,-1.000673461090003068e-18
4.936170212765957466e+00,1.143172669949398701e+00,1.362435882904824425e-01,3.668550683246941946e-02,-5.768155600740743072e-01,5.005393062536125370e-01,-1.927502592094005493e-18
4.946182728410513540e+00,1.144630635013258013e+00,1.556648739301553508e-01,3.216074903185787287e-02,-3.221961287244511363e-01,5.000854442775860553e-01,-2.728431544984204643e-18
4.956195244055068727e+00,1.146299690646544800e+00,1.780723225179336733e-01,3.029044379880095617e-02,-5.038422796137831394e-02,4.907946707552629517e-01,-3.420553645669308033e-18
4.966207759699624802e+00,1.148200545353524227e+00,2.017089541238294426e-01,3.114228217025683670e-02,2.191035965396978258e-01,4.729721452209079136e-01,-4.018634714439664868e-18
4.976220275344179989e+00,1.150338747639809478e+00,2.253057399481852852e-01,3.461799427004894764e-02,4.711582262309029212e-01,4.470382029699511151e-01,-4.535477530215266692e-18
4.986232790988736063e+00,1.152709054549859280e+00,2.479380266862422355e-01,4.048402166256803020e-02,6.954384706696279395e-01,4.134920091959090604e-01,-4.982093349587563745e-18
4.996245306633292138e+00,1.155298130874734763e+00,2.689042214883970439e-01,4.843602295727093832e-02,8.865307078455907375e-01,3.727987133152507737e-01,-5.368052501451524906e-18
5.006257822277847325e+00,1.158086419227243757e+00,2.876491388733202204e-01,5.805115391031966110e-02,1.023972584112530670e+00,3.255503425044252719e-01,-5.701558594170880693e-18
5.016270337922403399e+00,1.161049382495542348e+00,3.037180799883824056e-01,6.869894424394235033e-02,1.089853355739192287e+00,2.728629506487149081e-01,-5.989752343715379873e-18
5.026282853566958586e+00,1.164158205251486944e+00,3.167390339602788596e-01,7.965025481395593410e-02,1.087969075652309714e+00,2.161104837024512837e-01,-6.238808541827581466e-18
5.036295369211514661e+00,1.167380872384686352e+00,3.264039644853928279e-01,9.029981728359445792e-02,1.030525683935512138e+00,1.563073521180774750e-01,-6.454016335658425820e-18
5.046307884856069848e+00,1.170682443328279643e+00,3.324666253489927392e-01,1.001389121890019634e-01,9.282880126937029797e-01,9.434889353457495687e-02,-6.639993975424076142e-18
5.056320400500625922e+00,1.174025832033217975e+00,3.347337685389934481e-01,1.087688693819305191e-01,7.905565170291828370e-01,3.091863839200520436e-02,-6.800705648522340848e-18
5.066332916145181997e+00,1.177372352417350720e+00,3.330592697543023895e-01,1.158798391848723103e-01,6.253427320821763891e-01,-3.339627250867768793e-02,-6.939578040158456967e-18
5.076345431789737184e+00,1.180681872191942761e+00,3.273425691885412103e-01,1.212241066034722009e-01,4.397082712998415799e-01,-9.799457435824882046e-02,-7.059591151018134566e-18
5.086357947434293258e+00,1.183913658520341139e+00,3.175182647847916151e-01,1.246349948268083152e-01,2.394168079451583497e-01,-1.623663526773669041e-01,-7.163294981729114367e-18
5.096370463078848445e+00,1.187026468487916375e+00,3.035737762310003474e-01,1.259889374520474781e-01,2.965059879426298894e-02,-2.259475204739184728e-01,-7.252911197881266962e-18
5.106382978723404520e+00,1.189979169258245539e+00,2.855757800384470801e-01,1.252124516662331821e-01,-1.847621954476051931e-01,-2.881689267764309115e-01,-7.330354820643038764e-18
5.116395494367959706e+00,1.192732425045929245e+00,2.637946824293249670e-01,1.222921442231121592e-01,-3.981725387311240150e-01,-3.484970275252919913e-01,-7.397273243801454060e-18
5.126408010012515781e+00,1.195251246128146816e+00,2.388972839416679261e-01,1.172721226344506235e-01,-6.020146864495882211e-01,-4.064061949567664978e-01,-7.455104265469982546e-18
5.136420525657071856e+00,1.197510243121198803e+00,2.121972109185719657e-01,1.103050248664548955e-01,-7.847619823368435776e-01,-4.615762092272352457e-01,-7.505077490611166671e-18
5.146433041301627043e+00,1.199500552457129832e+00,1.855277835747118909e-01,1.016752845288564910e-01,-9.322840280974770133e-01,-5.138487198054341176e-01,-7.548258849833341062e-18
5.156445556946183117e+00,1.201232588778387012e+00,1.609302077389343222e-01,9.180954172417607473e-02,-1.030877448625949544e+00,-5.630538442234762631e-01,-7.637112416460474510e-18
5.166458072590738304e+00,1.202735804715102441e+00,1.400985583746079399e-01,8.121314418508633615e-02,-1.077908668272391512e+00,-6.082428952623294416e-01,-7.624007669124757516e-18
5.176470588235294379e+00,1.204055866300641098e+00,1.246300649845140940e-01,7.039186663209744121e-02,-1.073716386279379931e+00,-6.477577669684064787e-01,-7.434167644634802533e-18
5.186483103879849565e+00,1.205254909821409148e+00,1.162246799790972451e-01,5.986253797274455890e-02,-1.020893506667257533e+00,-6.798028123097968889e-01,-7.278231415964621018e-18
5.196495619524405640e+00,1.206412142019084088e+00,1.163503216224700126e-01,5.014003517631244328e-02,-9.114342682064709988e-01,-7.035193101079570965e-01,-7.046197518068400644e-18
5.206508135168961715e+00,1.207613930181436146e+00,1.250920863325533927e-01,4.182124863151644861e-02,-7.394071006366274013e-01,-7.185822623311874935e-01,-6.887790114608629634e-18
5.216520650813516902e+00,1.208940370669132180e+00,1.408338132255282926e-01,3.551297901487942416e-02,-5.133824750104332146e-01,-7.247993401880198361e-01,-6.732995541929278490e-18
5.226533166458072976e+00,1.210449585011981632e+00,1.612156599690881265e-01,3.165454704389534385e-02,-2.533121922401491144e-01,-7.221122556359592659e-01,-6.599232777363229871e-18
5.236545682102628163e+00,1.212176932637232918e+00,1.840848498695255853e-01,3.047997008144097408e-02,1.887911389275737095e-02,-7.106338441372456183e-01,-6.483640685074682575e-18
5.246558197747184238e+00,1.214138715765094689e+00,2.078165840137664588e-01,3.201047803356025373e-02,2.846259704010131175e-01,-6.907115072806344624e-01,-6.383754005979621896e-18
5.256570713391739424e+00,1.216337408917306240e+00,2.312431469436476705e-01,3.611101610664661787e-02,5.300650489503829776e-01,-6.627954965208162630e-01,-6.297435891379802402e-18
5.266583229036295499e+00,1.218765466123006513e+00,2.535076756698579348e-01,4.252558520659262958e-02,7.458309755815781816e-01,-6.273822289810341291e-01,-6.222846342824014599e-18
5.276595744680851574e+00,1.221407807239019760e+00,2.739515386429273169e-01,5.094303579246817898e-02,9.289287317849878045e-01,-5.849093612645283047e-01,-6.158386849855495794e-18
5.286608260325406761e+00,1.224243477030151794e+00,2.920490494347222077e-01,6.091103459048675950e-02,1.052020845838356644e+00,-5.360179803513235308e-01,-6.102687486482846649e-18
5.296620775969962835e+00,1.227246827238625437e+00,3.073674013306532116e-01,7.173937491467599625e-02,1.096636557446518445e+00,-4.819761440566627808e-01,-6.054557193108949846e-18
5.306633291614518022e+00,1.230388070493021901e+00,3.195530815471652741e-01,8.267266742070449037e-02,1.078235931432607764e+00,-4.242509212826993115e-01,-6.012961990615244171e-18
5.316645807259074097e+00,1.233634424211184744e+00,3.283139362236165981e-01,9.315485875627663170e-02,1.007487096042766206e+00,-3.637322501399629093e-01,-5.977019774977983874e-18
5.326658322903629283e+00,1.236950379710416659e+00,3.334174749733290755e-01,1.027101497769242616e-01,8.946925503308782446e-01,-3.012451887811693485e-01,-5.945960259033237305e-18
5.336670838548185358e+00,1.240298295700437814e+00,3.346843400900589294e-01,1.109597120444281715e-01,7.488472503219544274e-01,-2.374738104084594958e-01,-5.919119185114651918e-18
5.346683354192741433e+00,1.243639177283876851e+00,3.319792309775411177e-01,1.176210806964356897e-01,5.775391837768978354e-01,-1.729617404113769352e-01,-5.895926166720647040e-18
5.356695869837296620e+00,1.246932660650422298e+00,3.252120335625011682e-01,1.224646860781103547e-01,3.875246396140308303e-01,-1.083049084179699695e-01,-5.875882968876302150e-18
5.366708385481852694e+00,1.250137770306156471e+00,3.143274723585098851e-01,1.253352584629464084e-01,1.843591442928314006e-01,-4.403073950441271922e-02,-5.858562862883722801e-18
5.376720901126407881e+00,1.253213352558890437e+00,2.993284017563427879e-01,1.261308293108612810e-01,-2.705922694718188026e-02,1.932561408579414053e-02,-5.843596571544050786e-18
5.386733416770963956e+00,1.256118518401148521e+00,2.803249801955021159e-01,1.247849636250073779e-01,-2.416907017946325342e-01,8.116840941021943867e-02,-5.830662617388758811e-18
5.396745932415519142e+00,1.258814500657634117e+00,2.576558515572821562e-01,1.212987984301456823e-01,-4.534777569858771118e-01,1.409708745579691669e-01,-5.819486276066193663e-18
5.406758448060075217e+00,1.261268499739708782e+00,2.321429856014463888e-01,1.157445343779536368e-01,-6.531676676427100592e-01,1.982589798402792092e-01,-5.826723402083984494e-18
5.416770963704631292e+00,1.263458465154651211e+00,2.052434395715944937e-01,1.082989923091863538e-01,-8.280685620312883133e-01,2.527237789469662377e-01,-5.893205243946357394e-18
5.426783479349186479e+00,1.265380536602078942e+00,1.789395381309740463e-01,9.929853016501183349e-02,-9.628184897212709314e-01,3.042993334128026861e-01,-5.650428168758865463e-18
5.436795994993742553e+00,1.267050212918135577e+00,1.551473683127754799e-01,8.918870860297971326e-02,-1.048344025468513907e+00,3.526116554969895844e-01,-5.273781439778882531e-18
5.446808510638297740e+00,1.268501417538178577e+00,1.355523665541662204e-01,7.842167957658154054e-02,-1.093846440343774207e+00,3.965376420926042256e-01,-5.194320699928327129e-18
5.456821026282853815e+00,1.269783892099164868e+00,1.217319946868372776e-01,6.750725405463733897e-02,-1.076088694358553255e+00,4.341766911942863683e-01,-5.463408677131467296e-18
5.466833541927409001e+00,1.270964087868578396e+00,1.154133161888833137e-01,5.704217931626440197e-02,-1.005714696635289229e+00,4.640473213842254419e-01,-5.706384556663518078e-18
5.476846057571965076e+00,1.272124520389279256e+00,1.178160796946135375e-01,4.756382386398310541e-02,-8.774969238817355022e-01,4.854823598601944457e-01,-5.908256310288508795e-18
5.486858573216521151e+00,1.273351491128472013e+00,1.285629363673395642e-01,3.967706738053017324e-02,-6.878662152887387027e-01,4.982037829210223534e-01,-6.082702431023182204e-18
5.496871088861076338e+00,1.274720292773057873e+00,1.457231741529304014e-01,3.395188156662450052e-02,-4.493560402670598863e-01,5.020591128282326787e-01,-6.233451053766473642e-18
5.506883604505632412e+00,1.276283070802394670e+00,1.669301453780027145e-01,3.077197524610961882e-02,-1.829395982634667572e-01,4.970268861511752401e-01,-6.363718952292072374e-18
5.516896120150187599e+00,1.278069730913353963e+00,1.901555790736642049e-01,3.030940670485187879e-02,9.001606240078319221e-02,4.832898915860797118e-01,-6.476289753228107381e-18
5.526908635794743674e+00,1.280092634222923076e+00,2.139048319336558923e-01,3.253793126765441857e-02,3.522104538682695463e-01,4.612313686444244332e-01,-6.573566721210159071e-18
5.536921151439298860e+00,1.282351320539244721e+00,2.371053741832510886e-01,3.728394874468186210e-02,5.910849302801260974e-01,4.313214294235592217e-01,-6.657628605630424893e-18
5.546933667083854935e+00,1.284836154560268673e+00,2.589583597026774431e-01,4.426900499297806157e-02,7.986176750057034646e-01,3.940512958922977038e-01,-6.730269375391823175e-18
5.556946182728411010e+00,1.287530378778817486e+00,2.788452973779607658e-01,5.316413972782457753e-02,9.698626762466248108e-01,3.498514889119281879e-01,-6.793044691537169429e-18
5.566958698372966197e+00,1.290411772806150825e+00,2.962664792826470439e-01,6.344430442595047626e-02,1.071932124423545130e+00,2.995321470609035863e-01,-6.847286909867921458e-18
5.576971214017522271e+00,1.293453536051216712e+00,3.108109409353153607e-01,7.437716497995315590e-02,1.099248261609983235e+00,2.444887777049587763e-01,-6.894160818490146566e-18
5.586983729662077458e+00,1.296625038792864615e+00,3.221419779610302792e-01,8.526280051388143710e-02,1.066437362232363961e+00,1.860118271978942195e-01,-6.934668624801122961e-18
5.596996245306633533e+00,1.299892780954187810e+00,3.299828256650665925e-01,9.556725787157929752e-02,9.839478206170620966e-01,1.249598633257723301e-01,-6.969671186108626628e-18
5.607008760951188719e+00,1.303220590595978834e+00,3.341159812665463469e-01,1.048355823732739639e-01,8.618219262734607700e-01,6.214216068566012774e-02,-6.999920025028823453e-18
5.617021276595744794e+00,1.306570496644464674e+00,3.343731530952408493e-01,1.127199811957929065e-01,7.086300583414203436e-01,-1.829076627969092317e-03,-7.026058891521699968e-18
5.627033792240300869e+00,1.309903093281529207e+00,3.306312025890473238e-01,1.189491748283049988e-01,5.317894014796324953e-01,-6.638378544078303578e-02,-7.048646049893468042e-18
5.637046307884856056e+00,1.313177786436169558e+00,3.228095735736074556e-01,1.233123468995578759e-01,3.377691460863471162e-01,-1.309426325057712337e-01,-7.068165696212719451e-18
5.647058823529412130e+00,1.316353580965945458e+00,3.108647177587401944e-01,1.256727796726163915e-01,1.318575006782857217e-01,-1.949945687660067373e-01,-7.085032625644260651e-18
5.657071339173967317e+00,1.319389227936798470e+00,2.948220391144500963e-01,1.259315213581896076e-01,-8.097652535331388568e-02,-2.579642444271307289e-01,-7.099608560288569924e-18
5.667083854818523392e+00,1.322244123104357127e+00,2.748250840196210798e-01,1.240434076525087914e-01,-2.957312411721462198e-01,-3.192913075981956839e-01,-7.112204306988034049e-18
5.677096370463078578e+00,1.324880840778533297e+00,2.513275153548050200e-01,1.200261532246482549e-01,-5.055641450266024073e-01,-3.784562334642500026e-01,-7.123088344786434311e-18
5.687108886107634653e+00,1.327268397920399634e+00,2.252849395238157859e-01,1.139697201793161974e-01,-7.002368336242530411e-01,-4.349895927179683874e-01,-7.132494552712020005e-18
5.697121401752190728e+00,1.329389179086483352e+00,1.983602627782609373e-01,1.060986757457982599e-01,-8.660530750962869284e-01,-4.887051365545519999e-01,-7.140622376285581372e-18
5.707133917396745915e+00,1.331244173601926262e+00,1.725085008093381611e-01,9.677201470232246749e-02,-9.892074449527437086e-01,-5.394434655979063464e-01,-7.147645544420171071e-18
5.717146433041301989e+00,1.332853824678334353e+00,1.496523209124302478e-01,8.645867491664506466e-02,-1.064406813820825581e+00,-5.867453439914063207e-01,-7.041902377685920062e-18
5.727158948685857176e+00,1.334256247270879214e+00,1.313800828123705133e-01,7.561379449001429109e-02,-1.092335328505203318e+00,-6.292051618913245825e-01,-7.569379192283023136e-18
5.737171464330413251e+00,1.335505378095649842e+00,1.193199815841237410e-01,6.478826002459274480e-02,-1.061201308940042942e+00,-6.649687321242729876e-01,-8.852201346317173560e-18
5.747183979974968437e+00,1.336672262078303808e+00,1.151870317147726114e-01,5.453414690700726652e-02,-9.777836494455844907e-01,-6.927318768993627751e-01,-1.008034494051012232e-17
5.757196495619524512e+00,1.337841565905212526e+00,1.198459679262494360e-01,4.540875811869561629e-02,-8.343212609094590171e-01,-7.119346061946765225e-01,-1.105061084543542869e-17
5.767209011264080587e+00,1.339098819488513836e+00,1.324502883197965220e-01,3.803065514498582544e-02,-6.305838296975148083e-01,-7.223793593274437930e-01,-1.185701026501540435e-17
5.777221526908635774e+00,1.340513394160018246e+00,1.508772922234313529e-01,3.292912923107980255e-02,-3.828624697106548513e-01,-7.239412798565257878e-01,-1.255385918676518654e-17
5.787234042553191848e+00,1.342131616670297900e+00,1.727741410361631480e-01,3.043803299974669543e-02,-1.129926688686119784e-01,-7.166346248768008520e-01,-1.315603923377050849e-17
5.797246558197747035e+00,1.343978398739783087e+00,1.962567095544629769e-01,3.067078451733566344e-02,1.586421322262948630e-01,-7.007178844629292636e-01,-1.367639858695211686e-17
5.807259073842303110e+00,1.346062336403212045e+00,2.199544926000114031e-01,3.356475945459840016e-02,4.158152136311663583e-01,-6.765852973514747681e-01,-1.412607644327304062e-17
5.817271589486858296e+00,1.348380375599084413e+00,2.428762797316284527e-01,3.891093348189388762e-02,6.472130396162677490e-01,-6.447309364920469354e-01,-1.451465369321531542e-17
5.827284105131414371e+00,1.350920844147724509e+00,2.642776561004300806e-01,4.641479123951655628e-02,8.456482823550254269e-01,-6.056406710039737851e-01,-1.485045514652233589e-17
5.837296620775970446e+00,1.353665488737284761e+00,2.835749836329339857e-01,5.569050371643649577e-02,9.976151391404060043e-01,-5.598382080984897202e-01,-1.514062134580968702e-17
5.847309136420525633e+00,1.356590827869268878e+00,3.002926375649646040e-01,6.616459461280127519e-02,1.081731658209126978e+00,-5.082932729488607304e-01,-1.539136625302733954e-17
5.857321652065081707e+00,1.359668935911710452e+00,3.140416357090583532e-01,7.710875595329594323e-02,1.094213436736186207e+00,-4.523726788663036680e-01,-1.560805711102268487e-17
5.867334167709636894e+00,1.362868519210667539e+00,3.244993331533740366e-01,8.788185283956589933e-02,1.048470867431275266e+00,-3.931765852808553063e-01,-1.579529712024002590e-17
5.877346683354192969e+00,1.366155208148660538e+00,3.314065072630285047e-01,9.794915040795948435e-02,9.556066637318973989e-01,-3.316532194162961633e-01,-1.595710683488210111e-17
5.887359198998748155e+00,1.369492378626138596e+00,3.345579939165206351e-01,1.068908434034161886e-01,8.252186038844557814e-01,-2.685090396579465910e-01,-1.609693372614139450e-17
5.897371714643304230e+00,1.372841695908981086e+00,3.337970422403112036e-01,1.143785409583151363e-01,6.655942030809011145e-01,-2.043447899791644429e-01,-1.621775874747627508e-17
5.907384230287860305e+00,1.376163257717133659e+00,3.290140537396767928e-01,1.201469380079705079e-01,4.840705564600052968e-01,-1.397763575735669894e-01,-1.632217660949844270e-17
5.917396745932415492e+00,1.379416493015676481e+00,3.201342063617139688e-01,1.240167726359686917e-01,2.866165068873703925e-01,-7.530857342710667313e-02,-1.641240406340550124e-17
5.927409261576971566e+00,1.382560230006860680e+00,3.071311546254494318e-01,1.258541139389606489e-01,7.853404898806530532e-02,-1.149757070782771867e-02,-1.649037269226815480e-17
5.937421777221526753e+00,1.385553207530175968e+00,2.900498117061162118e-01,1.255710230262015448e-01,-1.352693387468496544e-01,5.107533929372749804e-02,-1.655775296826085906e-17
5.947434292866082828e+00,1.388355458244581175e+00,2.690928820826986034e-01,1.231425674221491989e-01,-3.495750112705584556e-01,1.118787189513217595e-01,-1.661597554218359470e-17
5.957446808510638014e+00,1.390930726766256065e+00,2.448224604859542686e-01,1.185966795304634752e-01,-5.565550241757207806e-01,1.703760524325958203e-01,-1.664055362415925337e-17
5.967459324155194089e+00,1.393250730274084193e+00,2.183856504281286859e-01,1.120569208427516783e-01,-7.453698352055282417e-01,2.261847807818059275e-01,-1.663764312470890099e-17
5.977471839799750164e+00,1.395302427793839728e+00,1.915281887943926509e-01,1.037756028104425549e-01,-9.025741205776878218e-01,2.791272405483919972e-01,-1.710398787411873567e-17
5.987484355444305351e+00,1.397091657247321095e+00,1.662913139668896478e-01,9.414797698614327248e-02,-1.012148437351408248e+00,3.290815851420211269e-01,-1.837416849299389173e-17
5.997496871088861425e+00,1.398643853526572611e+00,1.444553695069288324e-01,8.368435041485169923e-02,-1.069766163016518723e+00,3.753407438872241042e-01,-1.951193012181603594e-17
6.007509386733416612e+00,1.400000976159426536e+00,1.276128660459129038e-01,7.289196277676593394e-02,-1.077338672869819991e+00,4.163461816486391243e-01,-2.035552926372639007e-17
6.017521902377972687e+00,1.401221343622543802e+00,1.174348688501753168e-01,6.226765625710021373e-02,-1.036625873840736123e+00,4.502426844182517152e-01,-2.109237031895475218e-17
6.027534418022528762e+00,1.402380564662767393e+00,1.155349558131117810e-01,5.231760044046894487e-02,-9.414262540168003568e-01,4.759282870495883389e-01,-2.174526047293941411e-17
6.037546933667083948e+00,1.403564510087615291e+00,1.223920167469873255e-01,4.362439193273411064e-02,-7.840273414448549749e-01,4.930123038219486054e-01,-2.230942665796235764e-17
6.047559449311640023e+00,1.404856414574659373e+00,1.367306934144345287e-01,3.680998413867100916e-02,-5.690524586603322721e-01,5.012783782127456789e-01,-2.279696968864960355e-17
6.057571964956195210e+00,1.406319819297481954e+00,1.562553647070820118e-01,3.235978258455773221e-02,-3.149773119634700080e-01,5.006416263513576714e-01,-2.321827031206301563e-17
6.067584480600751284e+00,1.407995151833023151e+00,1.787174016113682040e-01,3.055872357944275364e-02,-4.386587001182362666e-02,4.911606725504462090e-01,-2.358234077308002651e-17
6.077596996245306471e+00,1.409902555027967574e+00,2.023689790747011663e-01,3.147221629674044896e-02,2.246932346375500877e-01,4.731421971240033497e-01,-2.389694496995600662e-17
6.087609511889862546e+00,1.412047315962886573e+00,2.259500063182141305e-01,3.499880816187401350e-02,4.757235563035261960e-01,4.470165908962889789e-01,-2.416881347867602889e-17
6.097622027534418621e+00,1.414423895686220511e+00,2.485450970370961521e-01,4.090529677277404685e-02,6.989227414982397413e-01,4.132786302144773050e-01,-2.440374203308823459e-17
6.107634543178973807e+00,1.417018795714580781e+00,2.694564734389717220e-01,4.888976889759970301e-02,8.901014824485813381e-01,3.723859327667473074e-01,-2.460676233259036509e-17
6.117647058823529882e+00,1.419812268756415863e+00,2.881329721601428862e-01,5.854361797812591278e-02,1.028666744199474792e+00,3.248941344717180546e-01,-2.478219646590281850e-17
6.127659574468085069e+00,1.422779693307522297e+00,3.041219576801599267e-01,6.922451393548759158e-02,1.090716320931758299e+00,2.719381862353672519e-01,-2.493378777244156432e-17
6.137672090112641143e+00,1.425892128419198990e+00,3.170535168059157582e-01,8.017215457317720950e-02,1.086321639251531135e+00,2.149999132182876527e-01,-2.506479545501643714e-17
6.147684605757196330e+00,1.429117444872239906e+00,3.266217718640351264e-01,9.079398140445865684e-02,1.027011798197811299e+00,1.550612617949960748e-01,-2.517800050686419318e-17
6.157697121401752405e+00,1.432420707460132503e+00,3.325811105465901751e-01,1.005923653954147873e-01,9.233254416146132737e-01,9.297407649792577278e-02,-2.527582570307857195e-17
6.167709637046308480e+00,1.435764696614624691e+00,3.347407297858989716e-01,1.091659111020304024e-01,7.845752120363451709e-01,2.945489395622474804e-02,-2.536036451183498961e-17
6.177722152690863666e+00,1.439110723451008989e+00,3.329552808954211462e-01,1.162128733576091588e-01,6.186421967464152960e-01,-3.493536168800026598e-02,-2.543341390820919730e-17
6.187734668335419741e+00,1.442418659177466589e+00,3.271250386873060800e-01,1.214888634256365701e-01,4.325185649323179393e-01,-9.959913731326194841e-02,-2.549654196552656060e-17
6.197747183979974928e+00,1.445647672456256139e+00,3.171863265727324910e-01,1.248249147180662405e-01,2.319886189803953558e-01,-1.640074272601622085e-01,-2.555109313421586525e-17
6.207759699624531002e+00,1.448756580798714610e+00,3.031263596391766124e-01,1.261047668753971229e-01,2.210531560107335813e-02,-2.276177605314363139e-01,-2.559823205755463188e-17
6.217772215269086189e+00,1.451704304581125760e+00,2.850215551735451047e-01,1.252532270226068833e-01,-1.922062822840136243e-01,-2.898468780681592305e-01,-2.563896918246202227e-17
6.227784730913642264e+00,1.454451427184212609e+00,2.631398116690724653e-01,1.222582977818525568e-01,-4.053492900507724150e-01,-3.501617869261239302e-01,-2.567416983490527395e-17
6.237797246558198339e+00,1.456963338006509456e+00,2.381723757853659029e-01,1.171692767425882853e-01,-6.087719678060068418e-01,-4.080513505066576951e-01,-2.570458930983025306e-17
6.247809762202753525e+00,1.459214878725210829e+00,2.114383012420604502e-01,1.101392547611111383e-01,-7.903059157423608649e-01,-4.631778410844690219e-01,-2.573087709151846187e-17
6.257822277847309600e+00,1.461197734302452922e+00,1.848148141027008140e-01,1.014640184152244134e-01,-9.358315826492444867e-01,-5.154173808143468483e-01,-2.575359105491703995e-17
6.267834793491864787e+00,1.462922885687634844e+00,1.602855398129752751e-01,9.156559863082633366e-02,-1.034237798269051822e+00,-5.645221738547926416e-01,-2.581831558453833294e-17
6.277847309136420861e+00,1.464420308171176410e+00,1.395908793733003361e-01,8.091817131804031338e-02,-1.084827934532292648e+00,-6.095703384740036590e-01,-2.615696082636945229e-17
6.287859824780976048e+00,1.465736185115016799e+00,1.242971216392202150e-01,7.003209366658283419e-02,-1.078721780240556871e+00,-6.488375151939100860e-01,-2.643117086931275291e-17
6.297872340425532123e+00,1.466933090369007431e+00,1.161157821792264261e-01,5.947184478967777743e-02,-1.022390221384549491e+00,-6.806061203375467494e-01,-2.659202913089232621e-17
6.307884856070088198e+00,1.468090146978177968e+00,1.164890576679991491e-01,4.974363483674539704e-02,-9.104874427847480245e-01,-7.040409720224637402e-01,-2.665177336226938650e-17
6.317897371714643384e+00,1.469294702450797852e+00,1.254515732693189944e-01,4.145379937775366813e-02,-7.354369298596201698e-01,-7.188147996578518883e-01,-2.653313077112341418e-17
6.327909887359199459e+00,1.470625514689117619e+00,1.413473676850143246e-01,3.519552464671885095e-02,-5.071294728404300844e-01,-7.247625921266311888e-01,-2.642798427970355154e-17
6.337922403003754646e+00,1.472140457823310156e+00,1.618274031045619787e-01,3.140920363608083743e-02,-2.456701058922923786e-01,-7.217946511650905617e-01,-2.633712075823111348e-17
6.347934918648310720e+00,1.473874142824611155e+00,1.847408520585556713e-01,3.031332036805343619e-02,2.711859982547382142e-02,-7.100575457211973918e-01,-2.625860262192387264e-17
6.357947434292865907e+00,1.475842564702791293e+00,2.084770597106515855e-01,3.192709928510333722e-02,2.928237472798986829e-01,-6.898900335412407880e-01,-2.619075129032250848e-17
6.367959949937421982e+00,1.478047770088231516e+00,2.318823245280938194e-01,3.610706682830342601e-02,5.377833851340467763e-01,-6.617501797526160745e-01,-2.613211779985786271e-17
6.377972465581978057e+00,1.480482034426047200e+00,2.541038308151088998e-01,4.259587108404692263e-02,7.530537794667987450e-01,-6.261326612119020307e-01,-2.608145030411647080e-17
6.387984981226533243e+00,1.483130053597559561e+00,2.744892380493735295e-01,5.106726763492679122e-02,9.314028006321386499e-01,-5.835021881747283201e-01,-2.603766466363070059e-17
6.397997496871089318e+00,1.485970786132385646e+00,2.925144790143749951e-01,6.104150460860660599e-02,1.049532250492249075e+00,-5.345778038350301742e-01,-2.599983037299275087e-17
6.408010012515644505e+00,1.488978360669065637e+00,3.077505802496579013e-01,7.183864402322781562e-02,1.095107073454853142e+00,-4.806177869248775547e-01,-2.596713469447212314e-17
6.418022528160200579e+00,1.492122989060373772e+00,3.198446271305948607e-01,8.275611432625870623e-02,1.076322698209013717e+00,-4.229015563688346413e-01,-2.593888054433428275e-17
6.428035043804755766e+00,1.495371804284929773e+00,3.285063153776994205e-01,9.321878034880391739e-02,1.005153896968742799e+00,-3.623945532708377493e-01,-2.591446618148623341e-17
6.438047559449311841e+00,1.498689122643532157e+00,3.335060032249769213e-01,1.027452370312335606e-01,8.920055534646078588e-01,-2.999572266825583644e-01,-2.589336722200832682e-17
6.448060075093867916e+00,1.502037413144253319e+00,3.346636785710314643e-01,1.109688002814199770e-01,7.457308980837688006e-01,-2.362098768586156916e-01,-2.587513539446230150e-17
6.458072590738423102e+00,1.505377531247638512e+00,3.318467704181845557e-01,1.175965704250878513e-01,5.740814317347855411e-01,-1.717507321959778899e-01,-2.585938067235158856e-17
6.468085106382979177e+00,1.508669080665965945e+00,3.249656688597141740e-01,1.224019900949130796e-01,3.837859546924374810e-01,-1.071639433585417217e-01,-2.584576546611128345e-17
6.478097622027534364e+00,1.511871202269751580e+00,3.139662771406547259e-01,1.252369474242013003e-01,1.803130277207912746e-01,-4.295130378373482327e-02,-2.583400081241636870e-17
6.488110137672090438e+00,1.514942601102598596e+00,2.988559483786554227e-01,1.259890757124114968e-01,-3.124899432739108862e-02,2.030708758723060933e-02,-2.582383414813715877e-17
6.498122653316645625e+00,1.517842385985712639e+00,2.797398479612092093e-01,1.245999070763790101e-01,-2.460070968318490703e-01,8.204553481387415192e-02,-2.581504846912565315e-17
6.508135168961201700e+00,1.520532158816281010e+00,2.569813902338355938e-01,1.210728592967840189e-01,-4.577203796614065512e-01,1.417386841323085012e-01,-2.580745678948470382e-17
6.518147684605757775e+00,1.522978984682974879e+00,2.314018261443133440e-01,1.154764596626226131e-01,-6.568852174641430786e-01,1.988903632822072443e-01,-2.577340812493010300e-17
6.528160200250312961e+00,1.525161541949641153e+00,2.045110858379169394e-01,1.080012673004403234e-01,-8.307753566942834844e-01,2.532496159343805564e-01,-2.582587511115641695e-17
6.538172715894869036e+00,1.527076347632905895e+00,1.782297295133123405e-01,9.897345054458357716e-02,-9.651606454561414417e-01,3.046719157639212749e-01,-2.581694972944318008e-17
6.548185231539424223e+00,1.528739411640295476e+00,1.545401211234709304e-01,8.886008836018050028e-02,-1.046795129439022309e+00,3.528617670622510305e-01,-2.544745908595262906e-17
6.558197747183980297e+00,1.530185130708063390e+00,1.350798619722288207e-01,7.812664811737486670e-02,-1.089630436368823840e+00,3.966530924585359164e-01,-2.488258499668822019e-17
6.568210262828535484e+00,1.531463738761165594e+00,1.214394491642119267e-01,6.726188554235311423e-02,-1.071488651996923558e+00,4.341363791846986064e-01,-2.426711632073456531e-17
6.578222778473091559e+00,1.532642375233173926e+00,1.153681236624208156e-01,5.684216656119889244e-02,-1.000904989601190120e+00,4.638304674571936959e-01,-2.379593920035781634e-17
6.588235294117647634e+00,1.533803276768191504e+00,1.180190035164779272e-01,4.741112899666305447e-02,-8.723552332606006043e-01,4.850471919290810785e-01,-2.336302595722501355e-17
6.598247809762202820e+00,1.535033563024012393e+00,1.289576813808943900e-01,3.958524796234241111e-02,-6.816901828299946065e-01,4.975367463092523757e-01,-2.299459190557455160e-17
6.608260325406758895e+00,1.536407009282154013e+00,1.462689403982296577e-01,3.392301693331584850e-02,-4.423823952046387342e-01,5.011774721535824373e-01,-2.267622072620801502e-17
6.618272841051314082e+00,1.537975727431940776e+00,1.675558056143920949e-01,3.081671658448442708e-02,-1.758233183406542888e-01,4.959049806467673016e-01,-2.240109122297993184e-17
6.628285356695870156e+00,1.539768823552764232e+00,1.908139211154045722e-01,3.042237360175530092e-02,9.689821280038513063e-02,4.819489122070903520e-01,-2.216334815210401614e-17
6.638297872340425343e+00,1.541798337515240203e+00,2.145605780114958339e-01,3.271761088736842987e-02,3.584814997091585465e-01,4.596703626390672426e-01,-2.195789865109162700e-17
6.648310387984981418e+00,1.544063467182543503e+00,2.377338293641624578e-01,3.752183534759093858e-02,5.965366348116643014e-01,4.295513816454942235e-01,-2.178036299014892036e-17
6.658322903629537493e+00,1.546554372636582908e+00,2.595396708532510255e-01,4.455864433850154765e-02,8.036818575241524432e-01,3.920789479016209556e-01,-2.162694387050891398e-17
6.668335419274092679e+00,1.549254115498378326e+00,2.793646541085118562e-01,5.347531473759213616e-02,9.688905843878429236e-01,3.477343419273985492e-01,-2.149436673988689782e-17
6.678347934918648754e+00,1.552140369277807297e+00,2.967106646197443243e-01,6.373801576589964435e-02,1.068643486274083010e+00,2.973708727601573898e-01,-2.137980854140957433e-17
6.688360450563203941e+00,1.555186129477411860e+00,3.111706233487585016e-01,7.463165091761220227e-02,1.096314874818290042e+00,2.423403179840284694e-01,-2.128080706429915229e-17
6.698372966207760015e+00,1.558360786334436643e+00,3.224079397675783110e-01,8.548746653447822363e-02,1.062967291853392338e+00,1.838189125621864095e-01,-2.119525762892994872e-17
6.708385481852315202e+00,1.561630697169435145e+00,3.301484885583889084e-01,9.575438096926924825e-02,9.800372039600732110e-01,1.227472694329872632e-01,-2.112133197254515530e-17
6.718397997496871277e+00,1.564959620458399536e+00,3.341762921708024692e-01,1.049804344275830775e-01,8.575468672078222498e-01,5.992148109927346311e-02,-2.105744603758066717e-17
6.728410513141427352e+00,1.568309617055009930e+00,3.343234070272578795e-01,1.128226372477590250e-01,7.040042986762868882e-01,-4.064884669019719343e-03,-2.100224260037745561e-17
6.738423028785982538e+00,1.571641124890548857e+00,3.304696493309054461e-01,1.190018224473903125e-01,5.269544301454528457e-01,-6.859950081637983255e-02,-2.095453724991452377e-17
6.748435544430538613e+00,1.574913631205916209e+00,3.225332245109526208e-01,1.233164681534911350e-01,3.327241351209364040e-01,-1.331401066697116831e-01,-2.091331274248668903e-17
6.758448060075093800e+00,1.578086111594855012e+00,3.104742534636736884e-01,1.256265825266560665e-01,1.266792998196206166e-01,-1.971580242905359714e-01,-2.087769025079076679e-17
6.768460575719649874e+00,1.581117249189358809e+00,2.943189001519653791e-01,1.258314928492647311e-01,-8.618244092569637971e-02,-2.600676451849486814e-01,-2.084690534392301864e-17
6.778473091364205061e+00,1.583966572119095861e+00,2.742150043601552789e-01,1.238927014729176712e-01,-3.009181962256631815e-01,-3.213302800742958709e-01,-2.082030408722024078e-17
6.788485607008761136e+00,1.586596762608265099e+00,2.506304993421898386e-01,1.198243345555752848e-01,-5.104345228706766990e-01,-3.804065078899987462e-01,-2.079731662614977483e-17
6.798498122653317211e+00,1.588977060454573431e+00,2.245497152047065126e-01,1.137228273818441660e-01,-7.044155201070594341e-01,-4.368542483388997977e-01,-2.077745105284614933e-17
6.808510638297872397e+00,1.591090435916676427e+00,1.976175255709088918e-01,1.058110007203465208e-01,-8.701778233333474777e-01,-4.904720693580349455e-01,-2.076028584046356495e-17
6.818523153942428472e+00,1.592938235261764479e+00,1.718298419719063441e-01,9.644879500993812360e-02,-9.917190852978845506e-01,-5.411303200024683013e-01,-2.072910412652374553e-17
6.828535669586983659e+00,1.594541649795957028e+00,1.490788959975141159e-01,8.613182305707534070e-02,-1.061041783443083419e+00,-5.883662526335471377e-01,-2.066356280056618514e-17
6.838548185231539733e+00,1.595938922800675730e+00,1.309464325864974077e-01,7.537028152290656258e-02,-1.079952762642302444e+00,-6.307357308447878452e-01,-2.080628312760049532e-17
6.848560700876094920e+00,1.597184649743180307e+00,1.190899239185854580e-01,6.466374477464457982e-02,-1.050311537388225025e+00,-6.664199757584530204e-01,-2.134659562398907564e-17
6.858573216520650995e+00,1.598350339509777340e+00,1.151843584494917777e-01,5.450989266473937889e-02,-9.687383194933996133e-01,-6.940285005088566717e-01,-2.171540063460128839e-17
6.868585732165207069e+00,1.599521033454897490e+00,1.200863937744402060e-01,4.547347069772635086e-02,-8.255974733504727325e-01,-7.131155669501192396e-01,-2.173132903352246599e-17
6.878598247809762256e+00,1.600781616700610810e+00,1.328989392507392009e-01,3.817755824294585820e-02,-6.225213020321979096e-01,-7.234231229213333725e-01,-2.174148535773511218e-17
6.888610763454318331e+00,1.602201324607171351e+00,1.514457465137811487e-01,3.315318981811140459e-02,-3.755075934916673464e-01,-7.248338340727553675e-01,-2.176873040877442557e-17
6.898623279098873518e+00,1.603825670254686031e+00,1.734099350399730122e-01,3.073155093173576824e-02,-1.064020167779776427e-01,-7.173671774711111171e-01,-2.179227422789787680e-17
6.908635794743429592e+00,1.605678944905541305e+00,1.969161322133526071e-01,3.102675701033495714e-02,1.642313208678174430e-01,-7.012744886783943699e-01,-2.181261933948409244e-17
6.918648310387984779e+00,1.607769474081335526e+00,2.206039029104306659e-01,3.397101957981854548e-02,4.203455601166420363e-01,-6.769681204665497498e-01,-2.183020059827106241e-17
6.928660826032540854e+00,1.610093855427888965e+00,2.434932831725994118e-01,3.935749149176806516e-02,6.506275078165780767e-01,-6.449342786184554255e-01,-2.184539321748673411e-17
6.938673341677096928e+00,1.612640272389842533e+00,2.648434236995375057e-01,4.689312518036951871e-02,8.491462182509135204e-01,-6.056508359160394095e-01,-2.185852197486407171e-17
6.948685857321652115e+00,1.615390247217824982e+00,2.840751923257278655e-01,5.622079152071352698e-02,1.005031712409721223e+00,-5.595766038842362455e-01,-2.186986740557403752e-17
6.958698372966208190e+00,1.618320212029943805e+00,3.007156562200359873e-01,6.674946974046375159e-02,1.084892342353685812e+00,-5.076955698925535998e-01,-2.187967060239007075e-17
6.968710888610763377e+00,1.621402161480234527e+00,3.143768700886213630e-01,7.771158932401994734e-02,1.093536303771507123e+00,-4.515127233781550675e-01,-2.188814246491337277e-17
6.978723404255319451e+00,1.624604585751337371e+00,3.247398879898824031e-01,8.846144695744130593e-02,1.045441005393205280e+00,-3.921637973462070992e-01,-2.189546347985435720e-17
6.988735919899874638e+00,1.627893215408919847e+00,3.315448014128431486e-01,9.849265706859140768e-02,9.507193375548430581e-01,-3.304716049961411994e-01,-2.190178955098499529e-17
6.998748435544430713e+00,1.631231239538584399e+00,3.345896256547666314e-01,1.073773517540095729e-01,8.190310851236711764e-01,-2.672138911998055422e-01,-2.190725657113239305e-17
7.008760951188986787e+00,1.634580276811134159e+00,3.337189233736504446e-01,1.147956579574076208e-01,6.585292731120739873e-01,-2.029635663013922842e-01,-2.191198067632211242e-17
7.018773466833541974e+00,1.637900559698024949e+00,3.288219130962710679e-01,1.204948392648382827e-01,4.763306114914337419e-01,-1.382921823058835542e-01,-2.191606292190440473e-17
7.028785982478098049e+00,1.641151272220330304e+00,3.198291663662287121e-01,1.242820786711794773e-01,2.786065608139568495e-01,-7.377525090138339903e-02,-2.191959080039061920e-17
7.038798498122653235e+00,1.644291337519493190e+00,3.067099869263632539e-01,1.260378126460317827e-01,7.038335289729108490e-02,-9.919022996994486530e-03,-2.192263917924172872e-17
7.048811013767209310e+00,1.647279611423370538e+00,2.895183301767185191e-01,1.256761625915766567e-01,-1.434006757832052559e-01,5.269417226248260255e-02,-2.192527349025296542e-17
7.058823529411764497e+00,1.650075996110859977e+00,2.684617523421780616e-01,1.231651774065288946e-01,-3.573901347320558308e-01,1.135000516118475355e-01,-2.192754997108553928e-17
7.068836045056320572e+00,1.652644480241595160e+00,2.441145192404495790e-01,1.185438825573820742e-01,-5.639676094425534192e-01,1.720018456231641180e-01,-2.192951708174060498e-17
7.078848560700876646e+00,1.654957122685449589e+00,2.176194368188526240e-01,1.119311087585066339e-01,-7.521236598775957738e-01,2.277752542675300640e-01,-2.192451395272132574e-17
7.088861076345431833e+00,1.657001219713290396e+00,1.907957001171107780e-01,1.035932003020159364e-01,-9.068879033319002803e-01,2.807025589102110086e-01,-2.194811478737540045e-17
7.098873591989987908e+00,1.658783420280287135e+00,1.656243127184988118e-01,9.393027212545178306e-02,-1.015459426331773551e+00,3.305879639524269553e-01,-2.188469514639335523e-17
7.108886107634543094e+00,1.660329522136358982e+00,1.439157458437859416e-01,8.340977691956499851e-02,-1.079600664611845007e+00,3.767493508498398480e-01,-2.152362387719747038e-17
7.118898623279099169e+00,1.661682108965907734e+00,1.272411045632141358e-01,7.248822380777232566e-02,-1.092554866956620963e+00,4.174920924555368118e-01,-2.104063941923769350e-17
7.128911138923654356e+00,1.662899825615688165e+00,1.172737557615813608e-01,6.174628631720344152e-02,-1.044416497816155642e+00,4.510606869465629276e-01,-2.052773988817453965e-17
7.138923654568210431e+00,1.664058453881288147e+00,1.156123277884275463e-01,5.174318411088089237e-02,-9.441928944752600028e-01,4.764047689410535469e-01,-2.010262138727396828e-17
7.148936170212766505e+00,1.665244451567999606e+00,1.227002982809937554e-01,4.304782348376515189e-02,-7.820169591435528478e-01,4.931475130669933926e-01,-1.973527191576375453e-17
7.158948685857321692e+00,1.666540373730122315e+00,1.372162866158001537e-01,3.627205459738810922e-02,-5.634966674266168596e-01,5.010776283917075524e-01,-1.941781889071900018e-17
7.168961201501877767e+00,1.668009243604453351e+00,1.568505257562238797e-01,3.189032862353938236e-02,-3.070691442532174076e-01,5.001130868932641693e-01,-1.914349779663313243e-17
7.178973717146432953e+00,1.669690846852542876e+00,1.793665064022283151e-01,3.017565642720459324e-02,-3.466423424381659402e-02,4.903256301178464671e-01,-1.890644119470287053e-17
7.188986232790989028e+00,1.671604841911974226e+00,2.030311114863508903e-01,3.118413497926181624e-02,2.343285183921463011e-01,4.720281646698989975e-01,-1.870159325801940256e-17
7.198998748435544215e+00,1.673756171872976539e+00,2.265956659019608133e-01,3.480660671452085603e-02,4.851559388505956028e-01,4.456551036204012828e-01,-1.852457192044312716e-17
7.209011264080100290e+00,1.676139039721215029e+00,2.491525037372034623e-01,4.080458934261539661e-02,7.076975615836048616e-01,4.117002403960198786e-01,-1.837160312180930836e-17
7.219023779724656364e+00,1.678739757976982050e+00,2.700085673547952814e-01,4.887288294747335615e-02,8.981051347725046430e-01,3.706173053489976166e-01,-1.823941091800875980e-17
7.229036295369211551e+00,1.681538421478934398e+00,2.886160281542901607e-01,5.860310101952984768e-02,1.035958666161695074e+00,3.229517212839361773e-01,-1.812518019079997234e-17
7.239048811013767626e+00,1.684510288856648330e+00,3.045246797038377307e-01,6.934544547659651781e-02,1.095463447554307468e+00,2.698488240096035273e-01,-1.802647513859908028e-17
7.249061326658322812e+00,1.687626317928569986e+00,3.173665141627894370e-01,8.032906895225420951e-02,1.088696538949051940e+00,2.128185726631229568e-01,-1.794117254960524702e-17
7.259073842302878887e+00,1.690854283449406248e+00,3.268375671735538335e-01,9.096456459829921348e-02,1.027493505093878934e+00,1.528334603993870000e-01,-1.786746118569762024e-17
7.269086357947434074e+00,1.694159197346983614e+00,3.326935855875338133e-01,1.007600028685640969e-01,9.222379564908109728e-01,9.072553224913573744e-02,-1.780376465597096235e-17
7.279098873591990149e+00,1.697503775394560321e+00,3.347453310901080670e-01,1.093159523171743086e-01,7.822211800017442318e-01,2.721116665979639304e-02,-1.774871888660398754e-17
7.289111389236546223e+00,1.700849290075694631e+00,3.328486907604097933e-01,1.163339111017052674e-01,6.152826732420343392e-01,-3.715529869719008671e-02,-1.770115423965557357e-17
7.299123904881101410e+00,1.704155597219945140e+00,3.269048954053192513e-01,1.215725219304630844e-01,4.283713077275323466e-01,-1.017819625579560461e-01,-1.766004992816506590e-17
7.309136420525657485e+00,1.707381830327754146e+00,3.168516247090035765e-01,1.248637463878968790e-01,2.272597739739220524e-01,-1.661362212077701628e-01,-1.762452996478675419e-17
7.319148936170212671e+00,1.710486813492194225e+00,3.026774819875139300e-01,1.260941043765458069e-01,1.696426437071463580e-02,-2.296800588643676533e-01,-1.759383649779338139e-17
7.329161451814768746e+00,1.713429495097788857e+00,2.844631916718174391e-01,1.251898701054008356e-01,-1.975787726755985907e-01,-2.918295883567309512e-01,-1.756731138748162933e-17
7.339173967459323933e+00,1.716170511890337202e+00,2.624837374591356687e-01,1.221406562104875998e-01,-4.107302083371008328e-01,-3.520518438914925774e-01,-1.754439116974521006e-17
7.349186483103880008e+00,1.718675474610404263e+00,2.374465922929900608e-01,1.169990432570717637e-01,-6.138685870440951931e-01,-4.098414556964292688e-01,-1.752458425720568078e-17
7.359198998748436082e+00,1.720919570647407859e+00,2.106856687206679901e-01,1.099208015658776488e-01,-7.947213716991643473e-01,-4.648612674338584161e-01,-1.750746741146815892e-17
7.369211514392991269e+00,1.722895018282399437e+00,1.840972738831853084e-01,1.012075804415905333e-01,-9.389563419681522527e-01,-5.169990781955970949e-01,-1.749267768576248548e-17
7.379224030037547344e+00,1.724613371072883261e+00,1.596518813670718129e-01,9.128261942480767055e-02,-1.036305022254189412e+00,-5.659909851597056951e-01,-1.749116821316909535e-17
7.389236545682102530e+00,1.726105089644609070e+00,1.390881909190722632e-01,8.060473777471269252e-02,-1.089579155575657543e+00,-6.108679112529313837e-01,-1.750803208026840532e-17
7.399249061326658605e+00,1.727416726317261064e+00,1.239660602869897543e-01,6.967896667702019875e-02,-1.081018960820441022e+00,-6.498764122644336005e-01,-1.744663408556492246e-17
7.409261576971213792e+00,1.728611305403376930e+00,1.160028818647895477e-01,5.910768519519259134e-02,-1.021851080930206379e+00,-6.813596004584948629e-01,-1.736900299238336679e-17
7.419274092615769867e+00,1.729768684908026266e+00,1.166234448771974325e-01,4.940273231866013776e-02,-9.067756071889245817e-01,-7.044964537800606497e-01,-1.688207179965572792e-17
7.429286608260325941e+00,1.730975566293638801e+00,1.258072965348711880e-01,4.115784659494481357e-02,-7.296925100110109863e-01,-7.189611399373028178e-01,-1.631405175580514283e-17
7.439299123904881128e+00,1.732310865404402156e+00,1.418668799015096182e-01,3.496680895089643998e-02,-4.999001049350961789e-01,-7.245898628700896404e-01,-1.587322266427984768e-17
7.449311639549437203e+00,1.733831494250253513e+00,1.624397936945525533e-01,3.125599371312212660e-02,-2.376252842125813891e-01,-7.213280255491829607e-01,-1.549228624943302910e-17
7.459324155193992389e+00,1.735571588837736767e+00,1.853948948848219147e-01,3.024305027674067947e-02,3.531337955296870446e-02,-7.093058798333803372e-01,-1.516309885556932227e-17
7.469336670838548464e+00,1.737546597730891929e+00,2.091362947783550752e-01,3.193712154440188355e-02,3.006757111073273259e-01,-6.888784792985990224e-01,-1.487863674221832830e-17
7.479349186483103651e+00,1.739758316654401504e+00,2.325186168250822083e-01,3.619280638809905387e-02,5.449233346216503238e-01,-6.605001385896895894e-01,-1.463281678871649085e-17
7.489361702127659726e+00,1.742198749616053588e+00,2.546975071698582838e-01,4.274781242395682412e-02,7.589486615353411292e-01,-6.246658265373206120e-01,-1.442039730224596745e-17
7.499374217772215800e+00,1.744852433702542616e+00,2.750237767723112681e-01,5.128549951516450656e-02,9.390148579607424661e-01,-5.818122211605608607e-01,-1.423682610805700587e-17
7.509386733416770987e+00,1.747698148968474641e+00,2.929772699668352076e-01,6.132755258718135261e-02,1.056059863933906939e+00,-5.326411593315492077e-01,-1.407820552713507944e-17
7.519399249061327062e+00,1.750709972915214241e+00,3.081302228234242269e-01,7.217620828837136016e-02,1.097691497005454098e+00,-4.784485560864865650e-01,-1.394113547696136436e-17
7.529411764705882248e+00,1.753857946116939237e+00,3.201326785154903209e-01,8.310576689291358787e-02,1.076512358823437765e+00,-4.206031327603375614e-01,-1.382267901531039645e-17
7.539424280350438323e+00,1.757109138635909007e+00,3.286957000034705367e-01,9.355964096191093926e-02,1.003426394569515434e+00,-3.600018942304424319e-01,-1.372032232178957911e-17
7.549436795994993510e+00,1.760427862168441049e+00,3.335904874917084983e-01,1.030629710329295928e-01,8.887401358192823508e-01,-2.974831521469610829e-01,-1.363186808446804802e-17
7.559449311639549585e+00,1.763776434336629118e+00,3.346396817592767192e-01,1.112457924353435074e-01,7.413416002035925212e-01,-2.336997160085177438e-01,-1.355542989966434727e-17
7.569461827284105659e+00,1.767115762184464423e+00,3.317107309172639407e-01,1.178260290872391036e-01,5.688192267427523152e-01,-1.692084206577099958e-01,-1.348937992618454924e-17
7.579474342928660846e+00,1.770405400359827075e+00,3.247160378933945379e-01,1.225763088090928016e-01,3.779061990878181954e-01,-1.046082557303067428e-01,-1.343229917451196610e-17
7.589486858573216921e+00,1.773604409640043400e+00,3.136018237276196885e-01,1.253481910201201255e-01,1.740588700923882959e-01,-4.040966551714694766e-02,-1.338297509980657257e-17
7.599499374217772107e+00,1.776671588275169356e+00,2.983762688759989956e-01,1.260379676558537054e-01,-3.776475433722180364e-02,2.283458752978500747e-02,-1.334035307696862555e-17
7.609511889862328182e+00,1.779566101730071459e+00,2.791564722641821095e-01,1.245835337522417374e-01,-2.525264210461056757e-01,8.453635402334508386e-02,-1.330351905905741541e-17
7.619524405506883369e+00,1.782249456666262333e+00,2.563028536046814132e-01,1.209906091367166231e-01,-4.640414962371735563e-01,1.441746919337967836e-01,-1.327169095214169918e-17
7.629536921151439444e+00,1.784689202659746288e+00,2.306648344452100763e-01,1.153336532055283803e-01,-6.628473750615629934e-01,2.012699289520973323e-01,-1.325642945900590479e-17
7.639549436795995518e+00,1.786864230254917363e+00,2.037528637065778858e-01,1.078020147954971003e-01,-8.357664300769134247e-01,2.555511489834145777e-01,-1.321546008840229351e-17
7.649561952440550705e+00,1.788771707932934607e+00,1.775350239414567044e-01,9.873485413755586637e-02,-9.681504823513831237e-01,3.069178888384539450e-01,-1.314943914847287120e-17
7.659574468085106780e+00,1.790428230458041892e+00,1.539347386288199837e-01,8.857996439337800787e-02,-1.052633898180312499e+00,3.550022851706665095e-01,-1.350357960863251870e-17
7.669586983729661966e+00,1.791868635137412236e+00,1.346196425946608322e-01,7.778298730720874243e-02,-1.095708409291835661e+00,3.985744447908139421e-01,-1.392921397883014175e-17
7.679599499374218041e+00,1.793143545716534559e+00,1.211765964669719170e-01,6.686033312200090339e-02,-1.076789047259851362e+00,4.357738624038237640e-01,-1.425755155673716133e-17
7.689612015018774116e+00,1.794320366152334367e+00,1.153224016354393033e-01,5.640907992056004572e-02,-1.001446038996627319e+00,4.651595038516028180e-01,-1.455359467017227917e-17
7.699624530663329303e+00,1.795482364421192356e+00,1.182075196116301463e-01,4.699165405626989922e-02,-8.701097913321050870e-01,4.860348757986608370e-01,-1.482092810825249433e-17
7.709637046307885377e+00,1.796715571677718781e+00,1.293453935078566763e-01,3.919962021551966908e-02,-6.769001387563620131e-01,4.981874086571149163e-01,-1.505191788549593026e-17
7.719649561952440564e+00,1.798093635892372255e+00,1.468141067900316232e-01,3.359671050515476015e-02,-4.353319490954724591e-01,5.014694242774623278e-01,-1.525153446244198274e-17
7.729662077596996639e+00,1.799668202701601771e+00,1.681809926327813842e-01,3.056577007591917278e-02,-1.676238641647180838e-01,4.958734898377339939e-01,-1.542403701145249097e-17
7.739674593241551825e+00,1.801467796186613679e+00,1.914697285886687306e-01,3.025705689443749374e-02,1.054877802526897335e-01,4.816102503629079434e-01,-1.557310243920193720e-17
7.749687108886107900e+00,1.803503864202917528e+00,2.152146065113816065e-01,3.263780935719710202e-02,3.668673435711337083e-01,4.590545161196414314e-01,-1.570191850016943468e-17
7.759699624530663975e+00,1.805775435861020073e+00,2.383590085815062709e-01,3.752283208219062832e-02,6.042734387799747475e-01,4.286889829084852832e-01,-1.581323215791576117e-17
7.769712140175219162e+00,1.808272364129357657e+00,2.601181060805153877e-01,4.462361493666394674e-02,8.087680853832814876e-01,3.910239374306421767e-01,-1.590942675966389883e-17
7.779724655819775236e+00,1.810977620197800952e+00,2.798805297099675737e-01,5.361001747651818194e-02,9.777029609977465618e-01,3.464565909494507490e-01,-1.599254831131946642e-17
7.789737171464330423e+00,1.813868658228966257e+00,2.971517576169148689e-01,6.396060713808650322e-02,1.076631868828313854e+00,2.958260376327256913e-01,-1.606437947304963857e-17
7.799749687108886498e+00,1.816918404130893450e+00,3.115267493062935933e-01,7.491506809539559553e-02,1.100708546521991238e+00,2.405706859285687282e-01,-1.612645239457558451e-17
7.809762202753441684e+00,1.820096204442908983e+00,3.226699962626356499e-01,8.580261659536285446e-02,1.064501726999365516e+00,1.818773590419965891e-01,-1.618009001690598038e-17
7.819774718397997759e+00,1.823368191360026147e+00,3.303108979696702807e-01,9.606886213975997235e-02,9.793594982438229568e-01,1.207266014655025282e-01,-1.622644350387715403e-17
7.829787234042553834e+00,1.826698247550537335e+00,3.342325795025430368e-01,1.052821900104929376e-01,8.550318204124021104e-01,5.781312475394594086e-02,-1.626649780324767162e-17
7.839799749687109021e+00,1.830048263432785038e+00,3.342701108522146414e-01,1.130912014205817107e-01,7.001259350763422429e-01,-6.210457409658996786e-03,-1.630111065627473406e-17
7.849812265331665095e+00,1.833378639036508106e+00,3.303042033819246770e-01,1.192241912233785867e-01,5.220752832302465452e-01,-7.075607480951195960e-02,-1.633102228520134703e-17
7.859824780976220282e+00,1.836648974536678081e+00,3.222532468167099706e-01,1.234894457655624778e-01,3.270476295510423292e-01,-1.353131264435092629e-01,-1.635686871164157592e-17
7.869837296620776357e+00,1.839818055465077151e+00,3.100819476382242201e-01,1.257370701377125977e-01,1.205701286368425773e-01,-1.993029489710042013e-01,-1.637920492933392228e-17
7.879849812265331543e+00,1.842844620110517750e+00,2.938084996933290061e-01,1.258796812612789917e-01,-9.264670963095555933e-02,-2.621858333491516313e-01,-1.639850632176729556e-17
7.889862327909887618e+00,1.845688441537419067e+00,2.736056300298043142e-01,1.238779673130551567e-01,-3.074214394155327379e-01,-3.234098131882693905e-01,-1.641518496500686817e-17
7.899874843554443693e+00,1.848312001180174580e+00,2.499363205425256251e-01,1.197425681403568726e-01,-5.167386472917728790e-01,-3.824212105345455304e-01,-1.642959858106858742e-17
7.909887359198998880e+00,1.850685082969336648e+00,2.238073991872334134e-01,1.135826347554641236e-01,-7.101520894297396191e-01,-4.388144186240129363e-01,-1.644205341615303452e-17
7.919899874843554954e+00,1.852790959369104540e+00,1.968673699350345085e-01,1.056175354201325661e-01,-8.748243335932653908e-01,-4.923505710198720076e-01,-1.648269922060990240e-17
7.929912390488110141e+00,1.854631504001020392e+00,1.711391320201401667e-01,9.621634383731846041e-02,-9.956213417952318734e-01,-5.429189879243797590e-01,-1.712988285151495885e-17
7.939924906132666216e+00,1.856228415224622674e+00,1.484976154157268413e-01,8.584701356689272700e-02,-1.067515184984513033e+00,-5.899543630142628503e-01,-1.893763072842917794e-17
7.949937421777221402e+00,1.857620698546641691e+00,1.305213541090037566e-01,7.498907132008864052e-02,-1.090995262315544334e+00,-6.320520404033115325e-01,-2.144973298912379446e-17
7.959949937421777477e+00,1.858863321000632896e+00,1.188817097273314194e-01,6.419858902351480157e-02,-1.055060479142855501e+00,-6.673683892629733716e-01,-2.381904191220072770e-17
7.969962453066333552e+00,1.860027964405346790e+00,1.152118302530646260e-01,5.401646746932914356e-02,-9.697681341465712590e-01,-6.946665188106855293e-01,-2.644413924098351307e-17
7.979974968710888739e+00,1.861200103112653492e+00,1.203492267216588057e-01,4.498780274931606094e-02,-8.232715431217134672e-01,-7.133897953514934942e-01,-2.925482257935808966e-17
7.989987484355444813e+00,1.862464359298364958e+00,1.333447705193194499e-01,3.773186098758454787e-02,-6.171134166215516137e-01,-7.233554885945605584e-01,-3.168002016047504693e-17
8.000000000000000000e+00,1.863889239424137978e+00,1.520219866128726394e-01,3.277323602235736322e-02,-3.679415492322659631e-01,-7.244271949066611871e-01,-3.377160241389242348e-17
